year,month,city,variety,rainfall,arrivals,temperature,price
2016,6,Chennai,Kashmiri,90.82759548087428,4386.386395834772,31.80037663841397,27665.485971829272
2013,1,Kolkata,Byadgi,41.48146655753842,995.2847789050185,25.89964556200036,38512.37107930456
2022,9,Delhi,Byadgi,95.78797540139831,4662.712289043565,16.735659081299808,28997.418053866877
2024,1,Kolkata,Byadgi,149.96279454026882,3342.395817873012,19.736989411930924,29885.668176685766
2020,5,Mumbai,Guntur,39.56779391624376,744.7583683504004,18.298680537054622,42969.0461843401
2017,4,Bangalore,Kashmiri,126.17840091553866,3399.155256428652,17.492301263782494,28488.831462136783
2022,12,Delhi,Teja,46.950170414382534,4884.114443651402,22.31798597235615,32661.73214052528
2014,3,Mumbai,Guntur,121.71048282981135,814.1029457658301,19.58787004308764,38726.786864246045
2016,6,Mumbai,Guntur,115.49513000578372,2996.094694010388,19.366062236230245,31064.520833419872
2019,2,Delhi,Guntur,59.06362012805621,3865.0745739171757,16.093863491525354,30716.404345522256
2012,3,Kolkata,Teja,62.35700528337848,4146.163640147891,15.353400895908678,27629.75497666471
2016,5,Mumbai,Kashmiri,123.0277809551795,2362.2235939435814,17.055364852995638,35390.71529917599
2020,9,Chennai,Kashmiri,79.98791654535064,1418.7495162570935,18.443949588472663,35174.21648036955
2020,2,Mumbai,Kashmiri,115.00634373253514,690.5402544757272,23.619674576964062,33365.885305960684
2017,10,Kolkata,Byadgi,39.237939157558515,3108.7677069375113,25.210405225976892,31603.907459827526
2014,8,Kolkata,Byadgi,130.83251164720195,2538.099816204249,17.811838363467313,28875.74640445132
2013,2,Chennai,Byadgi,112.41501316870149,4769.3497781737,23.495666830483728,29179.960371671856
2017,11,Mumbai,Teja,137.90256514852842,772.722084717094,21.834976846518543,36175.16462848886
2017,5,Kolkata,Byadgi,37.20840927454642,3584.279045507026,18.66847286995912,34775.2651881697
2012,7,Delhi,Teja,97.09188504687769,612.3479995402572,15.136814962967271,36685.38540328232
2015,8,Bangalore,Kashmiri,97.88567605524227,1271.4537951974423,24.340357330434834,32571.76742784033
2014,1,Bangalore,Byadgi,65.94989627108171,2541.1054996527537,28.713034985303985,32660.412295336315
2011,6,Bangalore,Byadgi,79.60063519400352,2546.925992612907,19.52554668287614,31212.87743371146
2017,1,Mumbai,Guntur,24.937603227680953,3585.6524432013975,17.636136597933586,35227.456963265686
2021,2,Chennai,Teja,116.96180502151157,4595.958656904904,32.74085488893924,25333.367477391206
2023,1,Kolkata,Kashmiri,91.41192232241262,3375.6447151171437,20.500495449755956,29749.622231537895
2015,11,Delhi,Guntur,27.50633674299259,4790.907940331789,19.472252395853296,31175.892796189783
2011,5,Delhi,Guntur,108.49826608486312,4467.270379450989,32.14193879219832,24800.945630662172
2025,10,Mumbai,Kashmiri,80.68167004005443,3130.249079888556,31.342141983335225,32298.96119990186
2021,9,Bangalore,Guntur,24.479963725250002,4252.063779134723,23.96692941049267,32557.568493396986
2014,6,Mumbai,Teja,146.0490044902524,3391.5992464563533,24.78477722855549,30782.769574498056
2010,11,Chennai,Teja,143.38457860162725,853.5102391567722,19.35497409668044,31984.019501537583
2021,11,Chennai,Byadgi,86.67731409913569,3832.541254667795,16.56603340959115,27902.660749082956
2019,1,Kolkata,Guntur,32.17741469176833,927.0879857030579,26.46863650711322,38288.8339948229
2015,1,Kolkata,Byadgi,118.10075880781693,3173.372512563706,16.966898431804264,28052.03444760971
2022,2,Chennai,Guntur,83.95104301374477,3661.8809263620296,23.985490939132994,31056.99518021495
2021,9,Chennai,Teja,59.31817217761939,799.3742369488486,33.809943970260214,34215.47319356813
2018,3,Chennai,Teja,83.88436307871238,1538.5759426693928,34.05668778341169,34017.939153971034
2010,1,Mumbai,Teja,87.91773890271038,4620.5250451774245,19.78664573094717,27006.31962486519
2020,5,Chennai,Guntur,93.15252087290409,3273.4152150480336,27.48226840091309,32431.05768043087
2020,7,Delhi,Teja,77.35908277519245,1608.287084647392,24.48152528215715,33794.34227269486
2024,6,Bangalore,Guntur,98.74818940807737,3608.0589701660297,32.51370255172212,26874.28107206707
2019,12,Chennai,Byadgi,139.43551237882906,3185.493889827603,20.428617285521064,28753.59640753424
2025,1,Bangalore,Guntur,67.09485132281685,2757.0906496307675,15.074048136648337,34270.84841514664
2021,5,Mumbai,Byadgi,114.34314021859338,4892.841387446377,18.2512241186283,26454.749827656124
2021,5,Bangalore,Guntur,136.2788323871502,3575.54199833379,21.99045602338796,27312.328825536693
2025,6,Mumbai,Byadgi,79.2773058487918,2189.4849935056072,21.314422595409773,32814.04051938067
2024,3,Delhi,Teja,77.64925872964753,4100.330444345906,30.827258382457718,30642.77223970988
2023,5,Mumbai,Byadgi,98.27520809612133,4480.624818145345,28.611213322776756,26846.092460424148
2023,7,Mumbai,Teja,96.88287872492346,1063.4925178257413,20.991126392297943,34871.90508528128
2024,5,Kolkata,Teja,124.85661450241601,1402.488400303699,24.15487634332427,34953.08561604655
2023,5,Chennai,Byadgi,81.94283989117805,1473.0215410750086,16.911182079166704,32854.168765479786
2012,5,Chennai,Guntur,149.49598345312734,3610.4531422394316,32.96292889640202,27716.960503384224
2021,10,Delhi,Guntur,27.7313039527465,3213.677997739775,33.70849648897068,31108.099981289117
2016,10,Delhi,Kashmiri,20.411820315491227,3285.4620411436467,34.596070707618765,35364.344241958046
2013,3,Chennai,Guntur,103.22578050275109,4733.479848602754,32.37105661571675,25914.132856058815
2025,1,Kolkata,Kashmiri,58.79653860704397,3991.601897632877,18.47921775392451,33616.15290044364
2018,5,Chennai,Guntur,51.249710530932894,1075.7161603030243,15.923929664032578,34832.18753355661
2012,9,Kolkata,Guntur,60.54688040055646,2063.7818709133144,26.59193454825348,36229.250311747564
2014,1,Delhi,Teja,53.28618346364406,2459.2714077908104,33.25210053766221,37359.41016828916
2012,3,Bangalore,Kashmiri,24.00270645585822,2281.8271493642224,18.547027233194857,34674.831575637705
2016,4,Delhi,Guntur,146.29929551077652,3511.888741228456,15.140858292482838,26437.487884014383
2014,1,Delhi,Kashmiri,48.696913498861626,4513.518964654531,31.109920920644885,29149.72510699466
2018,1,Mumbai,Teja,115.42386913660982,1877.231585852546,16.53591368573468,32002.61799465581
2016,8,Mumbai,Teja,119.13753131024279,2983.4471138953354,23.274120638200607,31611.07280507612
2011,2,Mumbai,Kashmiri,140.8034617409398,4052.3423986111356,28.5777467437757,26220.13224795649
2013,12,Mumbai,Teja,23.971429422139398,2372.981264804072,19.735951709123604,34313.54954887217
2018,8,Kolkata,Byadgi,133.366283998111,1256.5315777968312,16.679251268934536,29281.11523133421
2021,7,Chennai,Byadgi,88.53940350917402,2637.279343686867,30.400424569116574,36002.366150192356
2023,10,Bangalore,Teja,102.23073429555762,748.5013433436282,27.60350169774083,39252.451859364155
2011,10,Delhi,Byadgi,103.78113602573437,4740.725543010246,34.76980968973609,28949.9661916697
2019,2,Kolkata,Guntur,126.57371464801459,836.6954233773787,21.886160666399185,32877.15603199454
2018,6,Bangalore,Kashmiri,63.34295188068437,2473.055218627602,16.235247725803994,35882.146198973875
2019,6,Kolkata,Guntur,115.29665468179914,2884.465674898368,29.687000706705916,32863.64975109944
2014,3,Kolkata,Kashmiri,88.71515426388562,4933.867245292785,25.434668377064913,27688.011533394678
2011,11,Delhi,Teja,123.14122185969521,1247.0982063928736,19.264078627782702,33931.47958222727
2013,2,Chennai,Guntur,148.77098426011736,1014.9418337556135,30.634579780095187,35495.10357846189
2021,12,Mumbai,Teja,46.08463226248896,539.1776617814461,19.075109716998874,35836.49034919985
2024,1,Chennai,Teja,149.30432340279972,1200.0714659118603,20.213233096658733,34631.48654428064
2021,6,Delhi,Kashmiri,31.675580056760623,1432.7284058045043,16.850571087334384,37432.45656283993
2016,12,Delhi,Kashmiri,20.301281227625804,3337.6142371239152,22.98864558061709,32584.550860348776
2021,5,Delhi,Kashmiri,25.741051703118064,1488.680556761302,23.37858447874838,36174.973354732814
2022,11,Bangalore,Guntur,64.43171261577902,592.3436662819635,25.291235806965968,36364.282767608944
2017,9,Chennai,Byadgi,102.27782298819645,4219.782554761199,29.17928534247555,26526.402300865375
2024,1,Chennai,Kashmiri,28.973840315420453,2145.1806545178506,33.122018573608514,40303.72462397131
2012,7,Kolkata,Kashmiri,20.736555888843746,2091.6350896133026,17.75468197775617,38262.30790333322
2023,5,Kolkata,Guntur,141.82183369964332,1861.1556312556695,16.086961966973142,33815.56255972363
2010,5,Kolkata,Kashmiri,126.85046267219086,4889.179747158894,15.370624671886667,27503.853955306025
2013,2,Delhi,Guntur,125.19381224807404,1265.5193778917667,17.872427561376327,33831.725848753114
2011,11,Chennai,Teja,134.97515581525704,4542.0712877895585,28.15898971563252,26816.610280389297
2017,3,Delhi,Kashmiri,111.00445546037358,3995.614994629496,29.549541559929935,28163.521959902606
2013,7,Bangalore,Kashmiri,33.57253686725059,844.1597997469089,30.730114270562442,38501.48880426331
2011,6,Kolkata,Teja,71.883024449584,4940.280956753819,19.874164238086856,26209.08011638738
2023,12,Delhi,Teja,114.00943324040183,1721.1468359255475,21.1178962652304,35520.886968209335
2015,2,Delhi,Teja,56.44347990289772,943.6231716008556,24.66269291130999,34164.11308964731
2015,6,Bangalore,Kashmiri,109.36282733771088,4231.914053565917,16.26366193720453,26450.809344924222
2019,2,Mumbai,Byadgi,23.184798274794804,3680.0399015496496,27.222830464224923,38004.748545082184
2013,2,Chennai,Byadgi,59.79785431434712,3277.4846264505536,34.674700673515154,33227.483797511195
2015,2,Mumbai,Byadgi,91.38694371603245,1201.9138866451992,22.216126227560054,35882.245930968376
2022,11,Kolkata,Kashmiri,102.1716778358115,2653.2325231518284,30.05694950182768,33359.62815744123
2024,3,Delhi,Teja,95.01528638004841,4012.502120992462,25.000678311392157,26643.556452769866
2011,2,Bangalore,Kashmiri,110.70831588954583,1866.3077216472811,17.556236887207653,30444.382029288103
2019,4,Bangalore,Teja,20.79153727117908,1902.6042283176866,26.644748976051726,36765.425986707975
2021,9,Chennai,Kashmiri,33.12235599707779,514.1340772165495,20.9974853688813,38008.89213061763
2011,6,Mumbai,Kashmiri,132.96275279628884,1284.095307404208,15.688064169069165,33133.75981535834
2019,1,Chennai,Teja,108.62732373172096,4439.325313048254,27.698594602354873,29161.081777921714
2023,8,Delhi,Byadgi,34.68111354918147,2487.8592123696817,32.178646986494556,38568.55199354275
2013,12,Chennai,Teja,129.4696768618153,4929.055246554953,21.895395337997485,27790.582343378508
2023,7,Bangalore,Guntur,51.4900583171937,2280.6858360820665,22.80591094425541,33375.57198859827
2024,10,Bangalore,Guntur,82.17378494537905,3718.3390465110856,32.82043365934423,30204.70450381329
2025,3,Kolkata,Teja,38.875546675005836,1768.6356930712811,31.272176267347117,35725.060937607916
2024,1,Kolkata,Kashmiri,112.31430733482186,2137.143385134201,29.29905647103554,30576.876104965806
2017,5,Delhi,Guntur,106.69107473185483,1358.266944159026,19.975941275062958,31960.562149733538
2023,4,Mumbai,Guntur,47.4446212515977,2061.7806582472776,33.204333099332885,39332.832396374644
2016,10,Chennai,Kashmiri,132.24209969141026,2962.568841892894,18.08831515078426,29984.041818109
2021,8,Delhi,Kashmiri,72.16978314856257,4962.977964406622,27.535410388344438,28517.09450054913
2018,1,Kolkata,Byadgi,58.02696183919643,3488.9077088230356,15.576023610930374,33589.35162358271
2023,10,Chennai,Kashmiri,39.80284663038961,1396.6067948374132,27.874396126498915,38784.13628628884
2017,1,Kolkata,Teja,54.601841627019866,702.3264871619801,20.542887037467196,40602.90625173789
2014,12,Chennai,Teja,22.86349975909621,1068.6041659152977,23.9935395436744,37732.293453481056
2025,4,Mumbai,Byadgi,95.82347401929502,3031.4984057287134,21.905291041141062,32451.273921323464
2022,8,Delhi,Guntur,129.48999702471323,3943.2214796754483,18.455135124924197,26316.709236711784
2011,5,Chennai,Guntur,91.36745842741344,4731.886432853361,27.43961580187748,28087.538325445148
2024,2,Bangalore,Kashmiri,48.50561505010384,571.2042739856937,32.63951110281215,39045.79583384754
2014,6,Bangalore,Teja,24.376993167803455,2852.420637028414,34.181684845648064,35885.277058991116
2017,5,Chennai,Guntur,47.901649523644366,2618.9031030042956,18.8469272630783,35087.75352950357
2019,2,Chennai,Byadgi,74.095785649242,3452.247598890668,29.347455481259466,33494.3774848464
2018,11,Chennai,Byadgi,118.74948573097355,3018.104845094039,28.286787332113647,29332.3392413117
2021,11,Bangalore,Teja,44.41957082991063,3591.6761776211624,21.86755579149145,33459.01764906909
2021,11,Bangalore,Byadgi,113.5728889361092,3461.3716313713567,15.381983987074516,28380.802611411025
2021,3,Chennai,Byadgi,132.7013508857449,1026.552761860758,28.795824946257323,39653.332063762995
2022,9,Kolkata,Teja,79.01309025408642,4098.730611284238,33.90989721119,28526.155629199944
2018,7,Kolkata,Kashmiri,126.78615891353712,1054.5465907234618,27.642402438313027,32650.293564187108
2022,7,Mumbai,Kashmiri,92.10545524456242,3643.387813441117,23.70585448375268,32373.247764915886
2024,11,Delhi,Byadgi,102.82180882051765,2372.65415438273,25.503077882232567,31754.670963206343
2022,6,Kolkata,Kashmiri,88.41619984396635,2812.3283055946904,18.99257615319835,34220.625652014365
2010,8,Bangalore,Kashmiri,80.21245317767443,4564.841064690698,30.01088327507475,29665.740399186652
2018,4,Kolkata,Byadgi,50.50494743086041,4504.47676913069,29.92839660019698,30159.42055708802
2016,8,Mumbai,Kashmiri,59.415227729935985,4180.353375447633,17.910346007748497,29663.021164358375
2018,4,Mumbai,Byadgi,57.69611546266917,2795.6677120534546,32.559567649993184,32446.18567948589
2017,8,Delhi,Guntur,93.22756102399592,3813.079145602249,20.383794789466105,29427.82165257022
2010,9,Kolkata,Teja,35.593980093105685,2808.0367498346423,34.6451212187323,34755.43485898583
2021,3,Bangalore,Teja,139.18291979130356,4413.227371136498,22.658060280744916,25050.63678131408
2017,3,Bangalore,Kashmiri,113.68516888680472,2312.4912495480494,18.557681174689993,31972.294196190574
2017,11,Chennai,Kashmiri,72.18793201871517,4866.059049866945,22.034402226913045,26970.254713994334
2024,2,Bangalore,Kashmiri,40.621138788429136,4695.452412029949,23.803606573943863,32589.84066971135
2020,10,Delhi,Teja,134.65898206381266,3837.211787533035,16.386155460765895,29987.352120663225
2012,3,Delhi,Guntur,127.09115171315148,1757.371478792324,26.56436762446579,31222.049076340714
2010,3,Bangalore,Guntur,113.8238018532333,1092.4411495696627,26.952648797378007,33103.58149796857
2017,5,Bangalore,Teja,55.30111616346151,4346.165525419388,29.778609106989443,31398.446755007895
2012,5,Chennai,Guntur,72.31806286637696,1243.8602876208256,15.583397845814865,38927.10846750263
2012,2,Bangalore,Teja,33.357272818815034,4344.173550488011,25.824764288676604,35117.116586589575
2010,12,Chennai,Guntur,44.57513821457913,2708.442530205622,16.058148665413288,32048.872582387266
2020,10,Chennai,Byadgi,121.79216285117528,2329.505527136469,29.02288439933307,33763.990462471345
2014,6,Bangalore,Byadgi,112.9550334505889,4564.358504754931,16.11455971401969,27600.424642090304
2019,5,Mumbai,Teja,97.15314918687152,3217.3294214312505,33.234556966832656,31123.304296872855
2016,6,Mumbai,Guntur,136.44447437040247,3094.76303208373,29.04165133768993,30497.674948613538
2019,1,Chennai,Kashmiri,95.8246473156959,3014.4467508097896,25.14779530170314,30717.959191763395
2018,5,Bangalore,Guntur,80.7058399952694,2170.2628220878914,23.8300784656235,36317.58362027736
2021,9,Mumbai,Byadgi,64.24819701974914,4035.3939658810727,17.61345260826525,34064.726760790014
2016,12,Bangalore,Byadgi,142.25830574570244,1637.5929980709784,20.81998779129326,35034.46727164339
2018,10,Bangalore,Guntur,30.753009998165954,4725.027320185738,32.37918210041792,27824.465283189667
2017,2,Bangalore,Guntur,141.0153583679051,4522.933422711323,33.08905623124988,25944.05069872524
2021,1,Kolkata,Kashmiri,127.47290579103239,2018.6614655370417,15.014954167410622,28218.570609758783
2011,10,Bangalore,Kashmiri,36.89089018964117,3782.586964242487,26.882727829551026,31559.72143814628
2010,11,Kolkata,Guntur,93.44796649778296,3079.5043750231616,29.38601218050227,26873.595182805213
2025,9,Chennai,Guntur,132.6512376273813,2019.4218589965558,27.374939649152125,32729.127669916794
2016,10,Mumbai,Guntur,94.33519126892999,4948.3474159795105,16.63359529732708,28325.16487575483
2016,9,Mumbai,Guntur,137.9359768028809,613.568056317189,19.354497975978045,33510.86283410805
2023,9,Mumbai,Teja,142.58789618608552,1636.90713779579,20.00680534762772,30514.494694003544
2017,6,Mumbai,Guntur,74.90998788395976,2840.333275000177,31.634492626101792,33701.897304508995
2014,8,Mumbai,Kashmiri,69.05077598282207,2848.7885156535376,24.26398872617841,31327.040026809627
2012,11,Mumbai,Byadgi,141.72175001599038,3150.1988372550386,24.736564238824737,26954.59059515575
2021,1,Mumbai,Teja,107.76820794945685,3882.5427741031367,33.697860931090176,26941.671650451466
2017,10,Chennai,Guntur,35.08294857526201,3305.650237336834,27.74171777709431,33726.87023508593
2015,4,Bangalore,Byadgi,25.497927398948555,3201.2665723761666,32.973354031053276,33657.95534623471
2020,1,Delhi,Teja,93.4017766296442,740.8150831086948,24.130177106830658,35579.804965373056
2012,8,Kolkata,Byadgi,140.92222550699518,2194.3862950518424,17.988725170365885,32108.733614584024
2010,1,Delhi,Guntur,129.75233131275638,1544.250828655202,33.59871188148171,34850.47498677077
2012,3,Delhi,Guntur,107.86020704036373,1694.1655022088894,24.174102313350765,36619.6202133558
2014,4,Bangalore,Kashmiri,38.08506035584138,2994.518634531552,18.632628437576436,34726.98366908141
2024,8,Bangalore,Guntur,53.050079887330426,1397.773917183238,21.047914806078445,37747.126376392545
2023,6,Bangalore,Guntur,133.8164594518401,1822.7709545760388,16.016051793778846,32541.327832517745
2012,10,Mumbai,Teja,43.76494076539706,1566.8811883280305,24.366011829127704,33829.61918744628
2010,12,Chennai,Kashmiri,56.197123072556494,4768.263244481876,32.062563438204734,29414.22324546625
2014,7,Mumbai,Teja,36.848084655407455,4750.995794769929,33.67160912013379,30425.40773220844
2019,8,Chennai,Byadgi,107.89407008387344,3244.737013682233,33.652044150072875,29594.196816902637
2016,2,Chennai,Guntur,142.71769969721726,4660.35110929355,17.504600512574935,25961.53413931436
2024,10,Delhi,Byadgi,54.96584410740017,4036.1569046076793,22.641077650221142,31240.432878985972
2023,11,Delhi,Teja,81.80285902050957,3154.7654726081396,15.564575193014127,30127.672575908127
2016,8,Chennai,Guntur,102.46416616245655,528.9584517355808,32.103306899429455,36016.82288071191
2020,3,Chennai,Guntur,149.93061226803198,3976.3232873573183,22.175115240425477,25772.722017713702
2018,7,Mumbai,Teja,33.62504844968437,3661.19753714811,27.622340557844694,28257.867049385775
2024,3,Mumbai,Teja,84.81420393574219,3268.641439770863,29.29796876154577,28927.86908305024
2024,7,Delhi,Teja,70.065615587325,3921.909402571123,23.59689339486311,31330.72906711766
2019,11,Bangalore,Teja,132.55662147890615,2808.1497414864457,21.12884673100486,32439.652071390017
2019,12,Chennai,Teja,81.87580503151527,3668.3747209460257,34.24425820231889,26215.053791175655
2021,2,Mumbai,Guntur,34.42707819606925,4708.27439026922,34.289764500477084,29621.31404215078
2022,10,Delhi,Teja,102.47513888725587,2191.122571307388,20.78872736060044,33856.90558101195
2012,6,Mumbai,Guntur,120.20148037430437,3686.5482570528143,24.592501934889164,30873.220394685486
2024,3,Chennai,Guntur,20.374562716529898,2640.5951810493143,34.45688317320045,35359.85437892284
2025,3,Chennai,Teja,131.66436910468184,3534.798433162917,15.097368153110065,27481.61996159794
2016,9,Kolkata,Teja,44.18299000073653,3933.0200099946387,23.253564967582985,34864.23197975428
2010,7,Bangalore,Kashmiri,91.76901740493912,704.5362519610818,17.009150993619368,38094.66203782802
2013,5,Kolkata,Guntur,74.05367508936851,3409.7019977689783,25.18315931125205,33695.14904614565
2022,12,Delhi,Teja,113.55499615936895,1520.3353298312504,15.493399090809742,32845.451527387566
2025,10,Mumbai,Teja,68.25100992214644,3515.1464201340505,23.13796862781256,34284.54513899193
2013,7,Delhi,Teja,133.0692129686224,2607.4858367021607,19.4139814957067,26741.430212437135
2023,9,Chennai,Kashmiri,114.96452692464273,3980.9873383919926,25.666167249174816,31052.259160301906
2014,1,Kolkata,Kashmiri,104.20271223817979,1055.3036684251838,34.91987298201399,35046.19274435686
2016,7,Kolkata,Byadgi,123.51127742317107,3318.450582452878,31.010722102534952,29945.403346431325
2016,6,Kolkata,Guntur,118.0229945406897,1753.1182801739853,31.91284183248843,31202.10839646259
2022,10,Delhi,Byadgi,24.672027739801933,4338.418978987662,27.70529974718162,28961.507958818278
2024,12,Chennai,Teja,71.31546599982767,4677.725775363384,15.831196965445171,29794.18344486531
2020,9,Mumbai,Kashmiri,141.00494865114368,4983.792321555749,19.135953520882882,26584.95702351411
2022,1,Mumbai,Kashmiri,36.34415496898941,4082.033310922775,33.5012911289411,33924.110399342506
2013,4,Delhi,Byadgi,115.82255155616666,3891.8033169260207,22.322262358575024,30114.822979988796
2022,9,Kolkata,Kashmiri,146.69693547359287,1469.7534149039798,17.07273452961591,32961.96978661931
2025,4,Bangalore,Teja,26.785821775846312,2012.0317654554894,29.04810731732404,35289.07250791079
2016,10,Delhi,Kashmiri,108.68520448145937,2595.571437930258,20.989154478685094,33409.54904510658
2020,3,Delhi,Byadgi,80.86003836913395,3980.2147150201235,20.377138258083434,28425.323956552398
2012,9,Chennai,Teja,95.29278319871388,4617.346392850859,34.9595491111652,30714.796526492857
2015,2,Mumbai,Byadgi,31.09437374296223,1351.1259501034308,32.162778500533086,38075.06567503269
2021,4,Delhi,Kashmiri,25.59090374270213,4650.653681015463,23.158756367356823,31817.729011102998
2011,6,Delhi,Byadgi,106.69266587161982,3630.310935593261,34.60522415632998,31636.59807184269
2019,2,Kolkata,Byadgi,127.03022587669332,3248.468288082674,28.002264468384272,31654.489381068266
2022,8,Kolkata,Guntur,121.66199354128574,1399.285720768728,29.840449037595207,35159.60623929853
2023,8,Bangalore,Kashmiri,90.69474462261086,749.8626476411775,15.630260861644231,34824.62177447577
2018,1,Chennai,Kashmiri,32.98268674770316,3058.0920432857297,17.43210518696114,36260.02067692049
2014,12,Bangalore,Byadgi,109.4457776986818,3431.820574980016,27.661702529924767,28534.49074516498
2015,3,Kolkata,Guntur,51.445554862038975,1448.516522096097,32.98047965298968,38606.49201616117
2021,10,Mumbai,Kashmiri,138.43893135975986,3004.0529262145537,27.474874521751914,26719.621187458368
2021,9,Kolkata,Teja,128.97449674094162,4354.220312431581,17.680497886379836,27155.47441421303
2021,5,Chennai,Byadgi,112.21978572136082,4257.796754547589,17.315200924926494,26731.634925825438
2021,6,Kolkata,Kashmiri,143.34997425804696,4673.098312638337,31.883717916481633,27726.17596671703
2013,4,Chennai,Teja,24.08483679646548,2146.486143005962,17.786046774158287,39233.11942234283
2023,10,Chennai,Kashmiri,115.70605525789907,1931.223076479134,25.40463921008051,33250.244111730644
2023,2,Chennai,Teja,62.93156131373269,3872.417026913639,15.742266399246045,31940.806168361858
2020,11,Chennai,Byadgi,137.7885651392275,2440.0058229365222,16.61339534782355,32138.914342127853
2025,8,Chennai,Kashmiri,54.66777556605709,893.9689881250127,28.446965352857298,40220.90300534535
2019,11,Mumbai,Kashmiri,114.23134491095222,1772.6050880172488,28.783628208550333,33317.84492774221
2016,6,Bangalore,Guntur,134.09411255460157,2383.620284891701,21.829388132168848,30028.703152590555
2021,5,Delhi,Byadgi,25.415386389748715,1816.323914643134,19.312195304860893,38891.11782410727
2018,9,Bangalore,Teja,71.6941853469647,1994.9250692629473,31.27420541514616,31207.985851938523
2016,1,Chennai,Kashmiri,119.10017416285203,1821.9915777847584,19.342064589397808,34720.311215405534
2023,5,Mumbai,Kashmiri,79.13945563598632,686.7462523238576,25.840541393327594,35749.16081466955
2010,6,Kolkata,Teja,54.74284187316739,3366.9261537099915,34.36417681725811,32548.54986637675
2010,5,Mumbai,Byadgi,48.5746953470147,3187.815891590612,17.957048757247676,35527.73609570466
2018,6,Chennai,Guntur,37.09737469912913,3440.225743154063,33.817525349894176,32933.66074595603
2020,6,Mumbai,Guntur,131.42684278131668,1365.3945321513236,18.657861061373374,34492.686553781125
2023,7,Mumbai,Kashmiri,94.79620242270228,1830.4454372561838,26.348864160464593,36377.11651250135
2018,4,Chennai,Teja,29.93004284888928,3288.27167125215,22.540154239174893,34647.020695146246
2013,11,Mumbai,Kashmiri,69.7354420641826,3198.324058069646,34.29857203003652,33239.476092301
2022,8,Delhi,Teja,67.80537460466428,2778.4863920942053,20.47084058003874,33313.88673769094
2018,7,Delhi,Guntur,43.62609479223019,2076.8596250458886,22.993160041715072,36396.17200442415
2012,9,Mumbai,Byadgi,76.61599131138479,4608.189521486104,34.65720235710841,27220.011831558488
2016,7,Kolkata,Teja,63.17291750110774,2028.966090344797,25.729407823769463,34695.94577113887
2015,3,Chennai,Guntur,64.43448171398373,2550.286203967632,25.05260231242507,31601.29229240051
2017,3,Delhi,Kashmiri,116.07345251243463,3551.5122392939393,20.155569764079825,27795.768446735594
2020,8,Kolkata,Teja,49.024240115675525,2943.5964389004384,29.02727120620883,30155.697075071028
2018,5,Mumbai,Byadgi,103.4417946511962,2060.986893639735,15.287459035555553,33733.792787170496
2023,4,Kolkata,Kashmiri,94.18445110452153,2460.4015570542942,15.99025259404587,36253.17866142017
2014,8,Bangalore,Kashmiri,93.85202660392275,4075.1636803407773,26.987171742716054,28744.859838841166
2010,6,Delhi,Guntur,106.19095499843087,1751.581199689756,21.833491476369083,35617.5570318437
2012,2,Mumbai,Teja,91.28966470543502,1140.1485789956694,34.06632744401921,37906.60523877074
2019,4,Chennai,Kashmiri,134.30316493003,1909.2344082339969,33.06381381445571,29568.098468333967
2021,12,Mumbai,Byadgi,107.82541195353377,4322.903969695556,29.274125173534145,26495.333627550557
2017,11,Chennai,Teja,91.10522267828046,900.45371685356,31.362911622556027,38125.42760908327
2024,4,Mumbai,Byadgi,127.86920563739383,4962.632330176033,28.34663699335387,25996.592331794538
2020,6,Kolkata,Kashmiri,98.79905344135237,2934.5130451744812,17.511642054203215,29109.443505282234
2015,6,Kolkata,Byadgi,57.84875221207327,4931.805847851923,30.310867393784054,28470.231519835274
2025,1,Kolkata,Guntur,46.92233936295426,4725.483899386899,19.203839374376926,31542.235722702622
2025,8,Bangalore,Byadgi,39.80261213614824,2537.6617139491254,21.468857102003938,33846.672617084674
2017,6,Chennai,Teja,136.9291776309932,1393.209835724071,31.384684242048404,27318.047716133406
2018,3,Kolkata,Byadgi,112.31760613374855,1241.981494543123,25.730512167868966,33756.13034981066
2013,9,Bangalore,Byadgi,141.8591969613617,1579.9521374148087,32.198814283668185,31765.1494893919
2010,2,Chennai,Guntur,98.4279347429426,3695.596882540418,19.260706396865285,30205.86236606069
2023,11,Mumbai,Byadgi,81.54211459433864,1728.2749762916953,27.155568772137745,37484.11106427874
2010,8,Bangalore,Byadgi,27.76314356621561,2036.4137132193423,16.675819450965232,37146.060991048624
2019,10,Delhi,Kashmiri,107.31349660098387,2519.5046179757665,27.861219870800593,32581.190642850688
2013,3,Bangalore,Kashmiri,95.68713876987005,4609.547061896554,30.250680755510693,30607.622885012228
2021,12,Bangalore,Teja,148.72715616639078,1352.2703804818075,26.698617879574435,32379.78946238837
2023,5,Chennai,Kashmiri,51.090641111691596,522.619486744114,20.324630029976205,43173.270461507396
2016,6,Mumbai,Kashmiri,88.99585618728867,770.4338467017657,15.626853377177333,33981.922909274035
2011,10,Delhi,Kashmiri,104.62445356534944,4571.448537560531,17.388977679285716,26257.584820395776
2012,6,Kolkata,Kashmiri,103.79685271650467,3413.824091795134,27.446059581480526,31710.425997126127
2010,4,Kolkata,Guntur,92.96816058329236,1728.6827869751305,33.688404336850276,36902.853462762396
2014,3,Bangalore,Kashmiri,121.00064134253931,1297.3662545503598,19.130688079440127,33453.64543003506
2010,4,Chennai,Guntur,46.64755723848614,1824.2003148670144,29.700522982101976,34497.979166762845
2017,1,Chennai,Guntur,114.33153603567406,1016.5861726307604,32.32902126498083,38272.23002340548
2010,4,Kolkata,Kashmiri,100.5654942863016,4736.898096279985,25.417643568950222,26413.191303516327
2020,1,Delhi,Byadgi,136.48976453329453,4028.9277846437008,28.385315916873154,28295.765106313833
2010,12,Mumbai,Guntur,130.1352770743656,2580.760296106433,31.30030633352296,33460.01917676443
2011,1,Delhi,Byadgi,60.96911508723193,4392.331723018409,20.21350315481187,29783.670352759545
2011,10,Mumbai,Byadgi,55.9108522467699,1622.5619193195453,20.93791348536086,35215.077874508985
2021,6,Kolkata,Kashmiri,147.61493210081824,3727.042558124871,15.012550332569123,26557.792794650017
2015,5,Mumbai,Teja,88.54447351898335,4352.5962455618455,34.26188261795605,31170.686346076673
2016,11,Chennai,Kashmiri,137.83472530887678,2105.459202304727,33.35089789192689,33517.64074035203
2014,4,Bangalore,Teja,41.30453309146269,3908.5900045282297,30.291365275188607,32685.044119894665
2025,11,Bangalore,Teja,103.56645892402265,1827.825571689392,16.581520419532964,37432.19041655955
2010,3,Kolkata,Kashmiri,125.2818243568762,1844.8571086656386,23.95005779399016,32610.127683365172
2010,1,Chennai,Kashmiri,143.1613824462381,981.7573034938373,17.037835079431055,35963.08269903675
2012,6,Delhi,Teja,63.85421833221305,2480.2612092922946,15.318405345255972,33482.763456302884
2023,2,Chennai,Kashmiri,114.24755209012682,3783.7035792384,27.323659304251947,33887.72830442799
2011,8,Bangalore,Teja,90.04569117515048,4730.993625070782,34.21658834160377,31675.991022260336
2014,10,Bangalore,Byadgi,27.881760388640863,3217.0864636809324,33.057360468643,34415.78978214906
2021,5,Chennai,Kashmiri,109.69996585016264,4384.109919810826,28.93509629870809,31115.86228530422
2019,7,Chennai,Byadgi,109.71255257091964,4201.225921806022,16.93281168329743,31379.88151018601
2025,10,Bangalore,Guntur,140.9788846300498,1280.0437383887638,20.483280753446003,35997.05044430528
2015,12,Delhi,Byadgi,84.65061800196641,2686.1784301068415,21.40113453770582,27931.139568247385
2025,2,Kolkata,Byadgi,49.932619692366906,1026.1559098642615,30.263001154911223,39389.76009423481
2016,8,Kolkata,Teja,25.79329704832829,3569.6892270273574,31.04498358470228,35155.55423214035
2013,2,Chennai,Byadgi,74.03348426916773,4774.548507107342,22.70212245979841,30191.375334213833
2016,4,Kolkata,Kashmiri,59.24917101007524,1116.9025613544043,23.35767993235219,37740.42919358323
2020,1,Bangalore,Teja,118.94147978310383,3802.474088611436,15.890180785523427,29443.600392650987
2017,5,Bangalore,Guntur,66.05480942933606,3345.0716789053745,20.78273436837522,35073.39678131861
2020,9,Chennai,Kashmiri,143.37925552092972,3126.2226665364487,24.0257035435528,30157.53863826736
2010,1,Chennai,Guntur,145.10032638841196,2255.5410560975265,17.33966092770515,31167.714455849076
2024,9,Chennai,Byadgi,100.71811672830205,2098.0924148921567,24.065349215100426,35546.67136347182
2015,11,Delhi,Kashmiri,140.72583731193478,703.6213505849953,32.06351624515601,34892.51779005701
2017,8,Kolkata,Kashmiri,118.91106478688444,1480.5891871340605,26.626420394501068,34620.40524109442
2014,6,Chennai,Guntur,91.09175332676641,568.295970290721,16.578597100768246,40542.89461070269
2013,7,Mumbai,Kashmiri,43.440031604961156,3116.3769751190925,18.833426376605487,33226.283044414464
2011,3,Mumbai,Kashmiri,79.6177326567992,976.3395614505898,24.490887003171125,33535.01356745637
2015,1,Bangalore,Kashmiri,92.91368023714028,4428.587273133722,22.229742996436244,29141.868463857136
2015,5,Kolkata,Byadgi,132.3150054955513,2854.1435931372434,22.174540390921976,30605.049228861877
2020,12,Chennai,Guntur,82.57333894963644,3648.604590764188,25.585348962871805,32517.181929904185
2024,12,Mumbai,Kashmiri,136.69770744813437,2348.856913282234,26.68791843178915,31182.032630352736
2025,2,Kolkata,Teja,107.66536727305096,3022.609140504719,30.93723140552382,32581.75184328313
2025,5,Bangalore,Teja,37.80987819697728,4741.966296349837,21.819331269249695,36134.806857994605
2010,8,Delhi,Teja,149.3475780122621,872.3031783065185,31.109325660811734,34891.04338052787
2018,11,Kolkata,Teja,88.54024589800864,1642.7199736566326,21.77222458225265,36742.17835988924
2021,9,Kolkata,Byadgi,70.94157853318026,4009.9474710974496,16.108659778824677,30673.963315701218
2020,2,Delhi,Kashmiri,105.68478938103844,944.3174309719964,26.083753020095823,32556.611489989486
2015,12,Kolkata,Guntur,34.15613081753508,840.4749675684989,26.75804649789629,34515.02034972676
2025,3,Bangalore,Kashmiri,102.75002407793606,2126.9362943931737,33.6908049124372,32071.265043045412
2022,3,Bangalore,Byadgi,84.77068006490549,914.7558131259455,29.52122652124949,31271.211058572597
2012,1,Delhi,Teja,72.86762909981582,3132.8529899279138,33.355453049888794,33618.01061519193
2013,8,Chennai,Byadgi,143.89260275325688,1518.2386286746992,33.16694420486019,31503.25863613805
2021,6,Mumbai,Kashmiri,87.93016317516692,4530.640834397176,27.091482205164844,26415.460439496812
2020,12,Chennai,Guntur,48.48527233109199,4025.750363803655,25.555241306728952,32285.983895735342
2013,8,Kolkata,Byadgi,79.66525231904882,3648.673427447643,26.148819343272,29742.126141868666
2012,11,Mumbai,Guntur,139.52036259444745,3276.248123230259,34.566616153544956,29873.03813111865
2019,9,Delhi,Byadgi,42.892411272977306,4385.595786536585,30.463353834939177,32999.440522922974
2012,5,Delhi,Guntur,47.814415029470794,1503.7792769424059,17.125318095847916,35698.052368664765
2024,12,Mumbai,Guntur,21.693843808420887,4428.989792439024,30.568568135628,32082.765862520253
2012,3,Bangalore,Teja,21.844706421449732,4052.7153429082355,18.410760977964518,33732.12550078748
2013,5,Mumbai,Guntur,127.82091150460663,3866.723718744585,23.947010980112513,25561.42256019565
2025,5,Kolkata,Teja,115.17593888958426,3025.650551337158,19.209193443530687,31119.516998600502
2016,5,Bangalore,Kashmiri,66.15533733875458,1608.0987243677005,28.791661310664594,33113.998388168075
2013,3,Delhi,Kashmiri,110.78045043958446,2405.9656219635335,32.54619472386071,33280.480193199444
2018,11,Mumbai,Teja,71.37677042029613,4071.0679454246074,20.80723770733362,29918.69826287958
2010,10,Chennai,Teja,143.87658347971757,643.00317960796,16.640214824163753,31147.078998709734
2017,4,Chennai,Byadgi,145.71684858538453,4019.2284616869124,20.969861961499266,26015.753449075302
2025,9,Kolkata,Byadgi,71.06319085521464,1580.3183321940492,28.447237158643887,34710.85463046429
2016,10,Chennai,Byadgi,131.04884782431284,1149.3914032472135,21.575202551089,35785.81656906382
2011,9,Mumbai,Kashmiri,120.5015754206706,1020.6559318113597,20.56224335107607,34780.218763915334
2017,2,Mumbai,Byadgi,60.29999183233261,622.625053778668,18.6887038116853,36327.19538569577
2010,8,Chennai,Guntur,50.16517775714378,2856.139183496538,24.950328537488673,37577.59531955071
2020,8,Mumbai,Guntur,79.5705045510684,1482.1694271217825,20.518976563143752,36810.11672122413
2021,7,Kolkata,Byadgi,121.57534927987281,4952.442946008342,29.62020698278966,25843.70190683035
2018,8,Bangalore,Guntur,144.8218120147369,3084.965401424926,16.532448039844056,25981.310225023255
2018,3,Kolkata,Kashmiri,119.26527895265443,1120.4837121020469,28.280660662226353,33446.58146920279
2011,6,Kolkata,Guntur,131.17690805238811,3599.431433651144,19.751200291355396,28301.265560762968
2016,1,Mumbai,Kashmiri,98.39835980216715,4539.846049293764,24.785585221032065,29238.45457420462
2024,7,Bangalore,Teja,128.6030180094764,3853.3077291632644,20.721798440625214,29577.746660518962
2023,1,Mumbai,Teja,121.97471154044429,843.9793746775144,29.455373520215915,36326.46986444423
2019,9,Delhi,Teja,69.00812045041641,4531.478815366968,33.906140805032734,26763.70148506815
2012,1,Mumbai,Teja,91.75873927569374,4072.6822363698416,33.341535589396265,30183.708205802115
2016,1,Mumbai,Guntur,124.61790585866034,1212.3675504752646,26.66852430288182,33525.137955620026
2021,7,Mumbai,Byadgi,25.98737544469433,733.0364992976758,24.252206065139568,45000.0
2025,2,Bangalore,Guntur,125.05030670625789,3007.897588914388,31.366010188787637,30361.07836505107
2019,5,Mumbai,Kashmiri,43.125456126373045,1202.161151029896,28.666527252554598,36694.09849469881
2025,8,Bangalore,Guntur,86.90887022578707,4255.659286678724,18.67128228433866,29863.975628787026
2018,8,Chennai,Guntur,125.07580714227188,2112.505955022532,31.418384272260006,32004.061156819807
2013,3,Delhi,Kashmiri,52.99674016037033,4608.01600131459,23.577687787894206,26656.052375050276
2021,7,Bangalore,Teja,51.954967109799895,3045.596774634526,18.7797131994235,34627.667022076625
2010,3,Chennai,Teja,72.35937180009275,1322.0257290785066,20.63594700792985,35616.863770481184
2011,6,Bangalore,Teja,136.30356368509248,1128.1949031191004,20.350540604966845,33375.04957918614
2010,6,Bangalore,Byadgi,20.057561586837025,3094.1259690098927,25.384139492069203,33561.732914857246
2025,3,Delhi,Kashmiri,137.17980256345155,3928.4762533809976,19.68740181355751,25596.228904640957
2023,7,Kolkata,Kashmiri,39.99491320340901,4016.7754148398194,17.471329748031522,34224.4681783012
2021,3,Kolkata,Guntur,148.71122888877267,1740.9083199857657,17.473817012275216,33799.535228475484
2014,8,Bangalore,Byadgi,144.13010909500085,1419.1104151047537,26.66552394278193,33291.470925914924
2014,10,Mumbai,Teja,84.30777464686683,575.4033702157209,29.69518577698757,33512.20932610595
2025,4,Chennai,Byadgi,86.65363221564166,3556.396180405262,21.430660176766814,32020.652746930038
2020,1,Mumbai,Kashmiri,82.60141423586106,844.5571629509254,15.693014196280341,33088.94185963173
2016,4,Mumbai,Kashmiri,102.60767393573794,2393.4254079466664,17.544497738740215,31260.41421766324
2018,7,Bangalore,Guntur,31.793821290541032,3207.5697380823326,33.293891206741144,36226.28635682277
2018,11,Bangalore,Guntur,24.240333284403647,4716.990252138547,24.87087319178906,33169.19979491171
2012,4,Bangalore,Kashmiri,27.501380694066853,1903.1096163009588,24.071456192303494,38232.64646176168
2012,6,Bangalore,Teja,77.76749540139687,1623.974731009339,15.76098356620182,37989.48107575105
2025,9,Kolkata,Teja,55.82123209853284,3443.7206942874427,29.57274044633798,33941.52730131433
2025,1,Bangalore,Byadgi,100.86514310822919,3286.5756442411175,25.561361618641577,26845.553106024545
2012,5,Kolkata,Kashmiri,149.01749761872128,1994.4940248865605,19.041618721730416,30321.0753767781
2013,11,Kolkata,Kashmiri,70.22201249994058,4676.45825979404,17.201475203621143,29552.76593995277
2017,7,Bangalore,Teja,94.59936303358674,4301.880473703348,22.66775727263997,28848.787447375224
2015,1,Delhi,Teja,74.0285064679536,1507.9214563928651,31.743239283900515,34548.4614136118
2017,4,Chennai,Kashmiri,130.14531680384172,1576.1414544553543,32.30589118402049,30780.138983970013
2010,6,Mumbai,Guntur,137.29073245009096,2805.3515609918627,27.056927607912726,34826.250194430366
2017,2,Kolkata,Kashmiri,134.0562295866838,3981.0744577882415,29.550728544602855,27057.549954677765
2013,10,Chennai,Kashmiri,146.6683910283035,698.1817072480898,17.303115748057408,38473.42114083755
2020,5,Delhi,Teja,23.577494068253987,3620.00819180618,26.762521309357098,31798.528103462828
2010,11,Mumbai,Teja,129.17610107891903,3417.0615382194364,28.339314069743637,30521.19200713319
2017,10,Mumbai,Guntur,117.73038249508213,1541.660431608447,19.014256858275843,33989.442844808735
2013,1,Kolkata,Guntur,49.73027322204742,3566.0885595860696,32.60309465820518,31037.410165595367
2015,6,Bangalore,Byadgi,144.3216121403786,4730.824360634372,18.899934750420396,24887.15645207096
2017,6,Delhi,Kashmiri,39.26313066989291,710.5363023729583,21.269547196929008,39085.51072303749
2013,4,Kolkata,Teja,108.34149052740808,1938.4342488142813,27.41113694046917,31517.82374166878
2023,8,Delhi,Guntur,49.23572818606863,2471.7952249985988,27.767001302614617,34582.34195262852
2012,4,Bangalore,Byadgi,76.0794843406297,4546.671615161104,28.987694819747347,24872.877701865076
2025,8,Bangalore,Byadgi,113.49078660279396,4830.176509741205,17.240234261364115,28588.139630915368
2023,8,Kolkata,Teja,93.23220346429606,2498.518609233495,31.989288598571108,35295.655956563794
2018,5,Bangalore,Teja,75.57523807265451,3875.1278546398603,25.656942645665197,31879.70980208487
2012,4,Chennai,Byadgi,62.42399602115834,2892.4746069401735,24.426435882101366,38122.3672409373
2018,12,Mumbai,Guntur,129.15575524214273,2920.023206336194,34.62195249027019,31566.35828042026
2022,2,Kolkata,Byadgi,38.69586554092578,1751.447817798604,29.807565938820396,39347.93036491162
2011,11,Delhi,Kashmiri,75.91337394887401,1476.3031063874578,17.360120532387498,38228.45075480161
2025,3,Chennai,Kashmiri,137.48848433076847,1796.0240566581851,30.130783344524815,26531.500956973934
2023,3,Kolkata,Teja,129.9604415597958,3003.476032656857,16.90497867945739,30842.37225419562
2011,4,Bangalore,Guntur,72.12242912149607,631.1983370994005,15.549411250259697,34865.61196909284
2011,4,Bangalore,Guntur,119.20408726817008,4582.620249603826,23.072517905397945,25012.74823424223
2015,10,Bangalore,Kashmiri,127.0109079921517,1203.276692973993,34.87156345638437,31728.954670840598
2012,11,Bangalore,Byadgi,135.55536512047186,1490.3990459212396,18.497678723897252,32116.002052099175
2025,11,Delhi,Teja,90.78574997639964,2832.2427940144084,28.4528868705358,33597.1468346266
2022,5,Chennai,Byadgi,46.57991518711253,3695.516448517757,18.467921324122386,33647.950993622275
2018,4,Mumbai,Byadgi,53.19017994551111,930.7807463497879,29.49573949916772,37953.76674438968
2013,11,Delhi,Byadgi,58.44030762540855,1929.6261389622298,25.107073364756523,37164.09922321704
2010,10,Delhi,Guntur,97.19432250525001,4859.035725084607,28.599434201787524,29489.185067752493
2013,8,Mumbai,Kashmiri,24.265251136719098,1680.5433505142557,19.057463518284692,38810.899120602226
2010,6,Mumbai,Guntur,102.68552094139588,1908.725652784161,29.91256665041004,30099.26307521231
2023,6,Bangalore,Kashmiri,67.36605099567015,4264.243207781151,34.912381192454134,29124.54545594074
2014,8,Delhi,Teja,58.38143432365348,725.9649426070487,28.313010012519193,38181.65406648853
2025,7,Kolkata,Teja,134.33455419465645,2590.759259640369,24.869599961457553,32068.65953726861
2013,10,Mumbai,Byadgi,79.80031142550385,2208.275440032516,33.4634797723853,31436.274233211803
2017,11,Mumbai,Kashmiri,32.356895919250064,1924.6404195889302,15.317036844637526,37010.18398530907
2025,12,Chennai,Kashmiri,127.47707984341211,1785.6481732014404,29.59847038571642,29423.60074864761
2017,10,Kolkata,Kashmiri,26.193363466745858,911.1834718718414,32.774930336276256,41419.800854357585
2016,8,Kolkata,Byadgi,114.47739914186556,1916.7162320824198,16.23349167241915,33427.39213547133
2012,2,Mumbai,Byadgi,120.60780883018647,693.7358122205086,24.001283408315164,32389.865862137773
2010,9,Bangalore,Teja,65.83833877075156,4014.3373863999586,19.094389078999978,28473.95121305392
2025,1,Chennai,Guntur,127.22242131611227,2292.0250728110523,26.3303633117566,32329.692531740802
2010,8,Kolkata,Kashmiri,87.03572276133895,2497.567245439602,27.99085917207321,35902.67720018018
2025,12,Mumbai,Kashmiri,80.22817492546358,4521.175639025592,21.0524636585751,27252.668300776946
2021,11,Kolkata,Guntur,25.90242659093003,3461.2474273754933,24.199633393562017,35855.59203293466
2020,12,Chennai,Kashmiri,57.703795174357765,536.2659650395391,20.58678970553119,37457.80287514737
2012,12,Chennai,Byadgi,141.03129621508896,4744.286703325783,22.387823289102275,27606.24998797976
2015,4,Delhi,Byadgi,70.937115226855,1567.1500968997004,18.190799133768472,37185.22586558847
2016,4,Mumbai,Kashmiri,91.07106767237988,984.2638314193648,32.71118887171263,36288.51863650716
2015,5,Chennai,Byadgi,89.16281826795273,3956.5768027139698,15.200208211182728,26459.92286861326
2023,8,Delhi,Byadgi,96.75604167695013,2752.147921400232,32.64818372887577,33520.273373600256
2023,5,Delhi,Kashmiri,27.973024233626738,2451.967547081079,26.43357756699477,37201.45223615023
2015,8,Kolkata,Teja,67.08291312383469,1622.763858572338,21.63315688354035,36721.18613305259
2015,10,Kolkata,Guntur,114.00667560473204,2963.621704380434,29.461142509206596,31263.770937464487
2022,1,Delhi,Byadgi,46.07283263948778,1734.7307234116436,25.155043037253286,34969.3231445381
2012,12,Kolkata,Teja,46.46518908102686,4557.1235237918045,24.98217316215213,33228.41904040327
2015,10,Chennai,Byadgi,21.311778869573214,1468.4201587993675,17.202845658379328,40293.85018055588
2017,9,Bangalore,Byadgi,76.87265045906727,4479.5981770508915,22.790320518908175,27546.32556925552
2020,6,Chennai,Guntur,134.75546948754487,3017.3244157731065,19.821286917134735,32356.167715112046
2020,3,Delhi,Byadgi,26.747122666350172,4228.196602528585,15.313918111925593,32969.5895308961
2011,8,Delhi,Guntur,44.84543223448034,3707.8069813742973,22.201992615642265,33100.38833181773
2014,9,Chennai,Guntur,60.31098998455816,3635.1280014653685,16.796442588512093,31861.483825003987
2023,6,Kolkata,Guntur,115.12421575334767,1959.5561346277507,20.136600754503704,32668.690149907005
2010,11,Kolkata,Teja,103.28262706433625,1552.5361916249155,16.85033242366189,36972.59464015289
2021,7,Delhi,Kashmiri,74.07270759564116,1448.9880245635466,17.018832511127975,37964.53854028788
2024,1,Mumbai,Teja,118.67896210358884,4357.362456768149,18.980225888303764,29875.02114856309
2025,5,Kolkata,Kashmiri,99.25203151539725,4191.92069116559,34.996984889728004,29522.685746989715
2010,5,Chennai,Kashmiri,136.4853039554385,2482.5808760553828,15.043682857144976,32488.916497186103
2014,10,Kolkata,Guntur,126.3434773880301,1095.8207607340457,27.773452722408106,32322.55846104926
2021,4,Chennai,Byadgi,52.865768791596075,2220.135133898563,17.824873960531146,36583.32724961921
2022,6,Delhi,Guntur,55.287015092446026,3287.0455436161014,33.41256273421551,32854.582094207566
2025,7,Kolkata,Byadgi,36.296341853010134,2544.8141951597877,16.872657866672583,31475.944542213278
2012,9,Chennai,Kashmiri,63.80541434326935,4010.851708173477,34.10126374252473,28115.822548845652
2013,1,Delhi,Guntur,149.94070943348225,4989.302700131235,27.21852774966956,23698.401567884976
2012,6,Mumbai,Byadgi,72.74765191995793,1360.094398020036,15.025361538309806,36972.73657665945
2025,7,Chennai,Teja,48.66349650958383,2568.428688468076,32.88014395833612,33605.80822091672
2010,3,Mumbai,Byadgi,119.12277498182189,2439.427558643699,25.434236027338365,30482.77265885209
2025,8,Mumbai,Guntur,90.5212304501453,1870.2163973702786,20.25339470660969,35760.02752650186
2010,5,Bangalore,Teja,39.448188438503834,1391.4298252413032,30.345583550312604,36634.70668869283
2021,9,Kolkata,Byadgi,69.48965855091255,795.6145242034665,33.5333110777374,40095.90250811626
2021,5,Chennai,Byadgi,73.88106302011462,4492.036927506642,24.67381646293588,32152.120473621253
2023,9,Mumbai,Byadgi,117.99786107399842,2389.319139588429,21.311069488862216,31865.231308265855
2022,10,Bangalore,Byadgi,22.68727795594758,2736.02983325022,30.778902478698534,37400.49933901884
2023,4,Delhi,Byadgi,54.97255408378036,4626.239216904121,28.635709955769094,31733.374770715505
2014,9,Chennai,Teja,87.28751917101786,3993.307148821765,32.77504967500545,29657.67919188677
2015,5,Mumbai,Kashmiri,54.950076518869636,1087.2556885273289,28.850280255223858,39301.25412294615
2012,10,Kolkata,Teja,101.69642616446986,3044.3898542348406,19.870566777990724,33344.20309408788
2021,9,Bangalore,Teja,82.64277230570016,2490.135244338016,33.63318499518038,31482.720434458155
2018,3,Mumbai,Teja,67.02233313174548,4087.4498266044325,17.096714944119825,31281.080966845344
2014,4,Kolkata,Kashmiri,143.3971214931666,3759.0464642537713,20.358855002136956,28097.05864198646
2017,9,Mumbai,Guntur,102.18073489423946,3606.825748599824,25.40389215447771,31876.55069298979
2022,10,Chennai,Kashmiri,36.89237839483236,2032.451759659536,26.314840521418027,35702.76086004064
2010,11,Chennai,Teja,92.81192066764142,4122.336786796645,15.30621173253811,28419.209727471785
2023,6,Chennai,Byadgi,121.49514091611712,735.7608301768755,30.6114545164188,35291.720614462705
2014,2,Bangalore,Byadgi,112.10366067406365,1218.3120564447527,22.23214636850779,36820.911299914456
2024,7,Chennai,Teja,42.37159980838372,2010.3047284006027,23.128370820042754,33962.05632195974
2012,2,Kolkata,Byadgi,146.41459987521344,845.6334848117658,31.187390888738914,31438.39072994154
2021,11,Mumbai,Teja,78.34577394705877,1557.4742489061123,22.58566783455089,34426.752988893655
2010,2,Delhi,Byadgi,40.67325048623397,4235.679423490632,15.944497529895097,31309.824484543933
2013,11,Kolkata,Kashmiri,43.42544803665923,4767.131920055357,18.528795409407007,27263.298153181295
2024,1,Kolkata,Guntur,32.770548984580465,1870.7106009838571,34.118063447763646,40116.44192263355
2022,11,Chennai,Guntur,124.45735409654147,1690.321117949772,16.408107248050282,32635.87687657516
2014,11,Bangalore,Kashmiri,35.86396426184032,1759.516935108921,22.098624019360322,36627.5588683302
2025,12,Mumbai,Kashmiri,36.2662834284271,1749.7358930787973,25.06358334102689,40432.48911849189
2016,11,Bangalore,Teja,130.56130991890888,661.6858198368784,24.8656165467712,36084.14985462843
2010,3,Mumbai,Teja,64.79853097818275,4671.123558489986,15.079198860242855,28846.982579444193
2025,6,Mumbai,Teja,24.01152756004942,1461.6416370664779,25.023254629149807,38705.35603848088
2012,8,Bangalore,Byadgi,26.746388937393412,2390.018333366322,22.675449159548187,36299.16962164473
2025,9,Kolkata,Teja,38.48215807150642,543.5909723343548,34.44158670949115,42385.41186561452
2011,7,Mumbai,Kashmiri,47.74113523683964,4360.797909117757,18.183181679876597,31056.49901655532
2018,4,Bangalore,Guntur,106.4690052509927,3790.2080500471275,22.0830839351899,26712.01455363969
2019,6,Mumbai,Byadgi,40.452416400237674,4760.402158281664,23.389629701796395,27202.126649814196
2024,5,Delhi,Teja,35.45367085301936,4017.269656383796,22.813870742018977,35643.09983939482
2015,8,Kolkata,Byadgi,119.41348839191629,1911.6793042342936,28.31661655303725,31128.737576410334
2019,1,Chennai,Byadgi,107.23718690178887,1615.4301142779063,19.310257150955376,35247.70373762136
2012,1,Mumbai,Teja,76.5921487891807,3639.723383989818,19.421431056279836,31534.47265399143
2017,11,Delhi,Byadgi,91.41027029241351,2138.5074875472474,29.584218970017062,32819.16193452831
2023,6,Chennai,Guntur,60.5579226424344,3047.9675708867744,25.00581037356359,32856.47389209848
2017,10,Chennai,Kashmiri,82.72505463059689,528.158619619116,23.30311352114621,40474.18579229099
2011,12,Mumbai,Kashmiri,85.86744436775695,778.4856575621386,18.384061033545038,33753.52960920163
2025,2,Bangalore,Guntur,70.34084525315248,2909.1557353174303,18.750544458243333,32391.735805195658
2024,5,Mumbai,Byadgi,137.85438738738117,3047.3224090167428,15.21103273631801,31325.76733396486
2015,1,Delhi,Teja,22.0880424475308,3881.538250067046,16.828525377234186,31066.23136059686
2016,7,Chennai,Byadgi,121.682264201862,1093.8439383078278,26.136773893804822,36862.76452884641
2011,1,Mumbai,Guntur,36.16976806137216,2809.3238769055047,32.837462600168195,36857.36327462763
2024,4,Bangalore,Byadgi,123.68115686983593,1375.0143999425986,20.74329530261115,34109.50472688768
2020,9,Mumbai,Kashmiri,100.06854903797375,919.3825380321261,21.554944517922564,34651.49366348853
2019,1,Kolkata,Byadgi,129.62615182173232,2347.2310732724955,17.312112212230243,28501.09795200048
2011,4,Bangalore,Guntur,32.67686233331667,1235.0149164007576,22.772618912142057,39810.21883880079
2019,6,Delhi,Kashmiri,92.66748243297063,1498.0189018654337,15.744434091386584,40367.87794358838
2010,6,Chennai,Byadgi,85.14142443408562,1928.9956094127579,33.352013925238005,34676.722631303914
2017,12,Mumbai,Byadgi,111.80511378523663,1667.247803344383,28.462226962490575,29923.1578825856
2010,8,Bangalore,Kashmiri,89.45777174617785,894.1608383267587,34.814976187864374,37153.822716291084
2018,1,Kolkata,Teja,90.29549372730355,904.6231018686603,32.656463253569875,37896.5050526999
2020,7,Bangalore,Kashmiri,75.84747266488841,1369.6223685537566,24.459811873963055,34132.67676585619
2015,1,Kolkata,Teja,60.14847512095431,727.5163458179253,25.39370062300754,36746.519700137644
2025,7,Delhi,Guntur,82.69436696278498,3319.056588546172,18.811520930343878,30232.41201727582
2016,3,Chennai,Guntur,35.404006639892074,1792.970224290059,24.24078685679111,36081.1314856979
2022,11,Delhi,Kashmiri,144.99673406780101,1758.8568549608196,33.060557469856235,31388.123358132216
2019,8,Mumbai,Kashmiri,112.87339927145777,1993.9923240699432,16.017068472716424,31146.54317130022
2016,3,Bangalore,Guntur,143.8207251694201,3482.5832339437475,32.271136059966196,25872.12179093705
2019,1,Kolkata,Teja,49.47455970289522,4417.852466675708,21.818956032852196,31539.31785285386
2012,8,Kolkata,Guntur,134.31433262294865,3915.891196500373,32.9902553019262,27587.17689612442
2011,3,Bangalore,Kashmiri,125.14269799326,3773.8815360129274,33.817598126829694,27822.61848807751
2018,2,Bangalore,Guntur,108.02981361949757,2679.760335203822,28.41729774003812,31905.368082060504
2017,1,Mumbai,Kashmiri,101.25379419107675,3622.125006353353,28.28847573185356,27152.708866622568
2022,3,Delhi,Kashmiri,61.1514564848231,2987.430656151124,24.055086754174802,33993.97170945011
2021,2,Kolkata,Guntur,126.13340204545399,1473.12737683938,31.71080449087415,32415.698743469417
2019,2,Mumbai,Teja,85.1970099923654,1438.6476548347282,34.23225516866566,35841.83312693783
2016,6,Delhi,Byadgi,29.215904865867095,1833.7640309387755,30.501636006782384,38170.97490566703
2018,12,Mumbai,Guntur,60.6722109111669,4598.61201936416,27.438734675134185,32531.46797228569
2013,1,Kolkata,Byadgi,141.5886228108926,2963.3667817087667,27.135857916426737,29699.744130015664
2022,2,Bangalore,Guntur,130.58843387863,3802.5741965084126,31.989398031673247,30498.867573160325
2013,6,Bangalore,Byadgi,147.6477407499501,2059.514419174464,25.824075315425965,30354.757841893388
2010,3,Delhi,Teja,101.63913973853275,2334.7209679935136,31.077197724976454,32200.246050357488
2017,4,Chennai,Teja,52.17630950825355,1065.045103867631,25.177705103484914,37579.23797120471
2025,1,Delhi,Guntur,41.165956457992294,1270.8273101975167,16.248885499478483,39448.297358061776
2023,8,Chennai,Kashmiri,44.29887727910001,4223.104496717655,22.678940178083103,33100.76529665552
2025,7,Mumbai,Byadgi,22.57343558514307,3131.773842599969,23.888819153429974,35377.92429526649
2023,7,Mumbai,Kashmiri,70.7886744281721,2018.8960964771852,17.832344899732345,32467.303402427977
2021,3,Kolkata,Kashmiri,44.88559846494053,4112.830440479956,17.049926583784256,33256.17754732571
2012,10,Chennai,Kashmiri,73.51520985937131,1609.3395753709235,25.709298993139083,33882.75108672364
2016,10,Kolkata,Teja,141.5492761390395,4892.147143700917,16.702872731121644,23806.44711804675
2024,3,Bangalore,Guntur,75.97022723593469,2051.6792348577637,21.05890335780168,32321.159988612373
2021,2,Chennai,Guntur,134.13798460802855,2017.8992936805241,29.89193951926152,31590.96476063345
2011,12,Delhi,Teja,98.71561966006395,1903.6035749151736,34.288643591359616,36180.460464107826
2011,1,Bangalore,Teja,52.12710210598095,1049.5018216592957,29.35741161103857,35863.92016262193
2025,7,Bangalore,Guntur,66.26111870369749,1000.1171629940559,34.852510969057406,40543.86164517519
2016,7,Delhi,Kashmiri,30.909539656785824,3416.472655403555,28.96675942558805,35941.198151260745
2024,12,Bangalore,Byadgi,63.350137167481364,4438.031200511212,20.87588941308655,27527.22661410226
2015,2,Chennai,Byadgi,108.08032291545943,4057.3422962225304,28.44105081010724,28215.74889742533
2012,7,Kolkata,Byadgi,29.374442080826576,1134.9841730960798,29.043135303938076,36680.8090157849
2018,8,Bangalore,Kashmiri,46.70218310214381,2955.119548064299,22.43453969232921,35584.562664235644
2019,1,Chennai,Guntur,69.58733538373049,975.16195689488,15.35427701218778,35093.9826216829
2024,9,Mumbai,Teja,147.6664398120751,703.8258962588485,29.06399569550974,30466.78726276619
2023,7,Chennai,Guntur,122.03203698465443,3453.7363672314527,15.434001905510833,28839.473862830197
2022,3,Kolkata,Kashmiri,115.3532770439735,2908.1855015615765,27.623761561201423,33254.75329207069
2015,8,Chennai,Teja,35.10482434830798,869.1065834516189,18.2723297748511,38621.51316799625
2019,7,Delhi,Kashmiri,121.52946616994889,657.226608826948,26.31207055496087,35905.96120056203
2019,11,Kolkata,Byadgi,122.08494549708196,4953.903860342006,25.078260507612,27362.407199555975
2015,8,Mumbai,Byadgi,98.14335043116267,635.0959946708234,15.270272846123651,33298.089303618064
2010,6,Delhi,Kashmiri,148.74703165978835,2500.3771387257184,22.25731633990207,28263.14588524984
2013,9,Chennai,Teja,62.28300777019175,2770.78561073463,27.021823347926055,33857.20676441635
2019,5,Kolkata,Teja,142.36541827144072,1027.7606651020028,31.972131037975593,32211.49778891318
2015,3,Mumbai,Guntur,138.91504494434548,1260.7780029787232,32.772842276730344,36441.6008476136
2024,3,Delhi,Byadgi,21.49248576741912,2083.122528846586,24.676999400664464,34802.48586377409
2015,1,Mumbai,Guntur,78.51514844172544,3927.5414429614816,29.568449745988765,28900.639485525062
2020,12,Chennai,Guntur,147.02355029670454,2781.8709082712003,21.329091530669153,30166.169187581865
2021,8,Mumbai,Kashmiri,33.40577711304985,3370.558435488327,21.84372811517315,32832.80759780427
2014,2,Bangalore,Kashmiri,91.21201026983152,4933.285497908037,18.889270383646274,22289.163292791938
2010,3,Delhi,Guntur,147.26447591534352,3956.024458909443,26.238962199864787,31094.089745241574
2017,8,Mumbai,Byadgi,92.21440513376182,2454.6267416354794,21.291283018547304,30831.415487587972
2014,8,Chennai,Kashmiri,44.67598938638028,2508.9886480844693,16.687417928770103,36370.00867987566
2021,11,Chennai,Guntur,95.68381991203667,3284.4743466845225,28.700121733263575,28640.07796858081
2021,4,Mumbai,Guntur,46.57727461344109,3494.1434378850695,29.15506415210796,31456.779579391827
2021,4,Chennai,Guntur,87.56155417628295,2753.1991662650207,22.199848375581155,29369.657953293332
2014,5,Kolkata,Guntur,29.62548832860524,3401.87550266741,16.534467989120458,32732.58777770876
2016,6,Kolkata,Guntur,98.7127469978726,605.8962248634444,23.525954348068517,35064.00656548238
2013,5,Kolkata,Guntur,87.18269208666057,2433.3028875357986,23.84670916100431,33009.12826590558
2015,7,Bangalore,Kashmiri,116.2209779389902,1755.2213423306455,28.37341769795786,32433.370733636304
2022,2,Mumbai,Byadgi,101.99106125064205,1081.2850035939969,21.30832782517367,32354.83727635225
2025,7,Bangalore,Guntur,91.44881490899837,947.9593076394881,28.65198559562611,34983.84098258326
2013,10,Chennai,Teja,109.67125040225575,3214.364745266004,32.429770835147764,33481.729322904815
2023,7,Bangalore,Kashmiri,38.71244876439001,2856.2024621867527,19.749720847243996,37508.75372823062
2024,1,Chennai,Kashmiri,97.39675596361853,1641.1285264836613,34.578391122397996,35259.27920668113
2012,7,Chennai,Guntur,42.374378366961096,2619.2752644763154,22.72736274273614,36468.92904617966
2016,5,Delhi,Kashmiri,140.31788702074454,2715.045418320837,20.345173702941235,34175.660414591795
2017,3,Kolkata,Guntur,28.883433629928547,1377.5404119737711,23.43022365020581,39443.24281373303
2013,3,Chennai,Byadgi,75.94871745980312,3434.4187784674277,16.887949518077182,33122.106291150085
2025,4,Delhi,Byadgi,110.45367209520784,4014.137103737407,17.514118130242313,25819.876135537714
2022,12,Kolkata,Kashmiri,79.54288751687363,4061.5859340028355,23.28868093936663,28174.42263367437
2011,2,Chennai,Kashmiri,31.972382920277305,3211.1142381655477,30.248890438782002,34413.77174365263
2021,2,Chennai,Teja,91.93927209647195,2802.3736213355633,33.00624479148982,30683.404702356784
2019,1,Bangalore,Kashmiri,103.4121481475561,774.532143524277,28.29635981432542,33784.4177315273
2023,5,Bangalore,Teja,111.493000428766,1795.2408448322265,17.104391104763394,31569.95019243275
2012,4,Kolkata,Byadgi,68.52377588015867,919.7215105017646,28.440395243610702,34387.22690062629
2010,11,Chennai,Byadgi,93.27579623373909,4837.204223953131,27.70855841405944,26579.03276824268
2017,10,Mumbai,Guntur,78.5892417420587,1107.860658015923,31.115278365866626,37033.68770648701
2024,2,Bangalore,Byadgi,107.36728503779294,1182.9893443299593,31.50497333304362,38358.30491241981
2012,3,Kolkata,Teja,95.86240575222641,4503.094782487215,32.36406151557958,30294.654512841487
2021,7,Chennai,Kashmiri,88.34830854268753,4747.6772756440605,23.282630291581967,29859.540991656373
2019,7,Chennai,Guntur,52.43816768897232,3946.2306765570943,28.957287907042886,28738.563493640384
2016,12,Mumbai,Teja,20.262407307270408,524.3221565270144,20.365007178446213,40676.82873162649
2019,4,Kolkata,Kashmiri,42.6306177904858,506.05821930453664,34.98672559967008,39222.43286527236
2014,5,Chennai,Guntur,35.21858538514192,2201.4534640435286,18.5066848275372,36917.64599655821
2019,5,Bangalore,Byadgi,78.38101685142308,1145.2791650490162,15.202288633216716,35569.0158883759
2014,6,Mumbai,Teja,99.5935595990398,582.7376396821878,17.97617429036352,39679.00022271297
2023,9,Kolkata,Kashmiri,47.70105112902506,2588.300102320271,30.517445790882533,35043.898271503844
2016,2,Mumbai,Guntur,142.07742247573432,4743.778538331372,23.93567353016423,26209.018509424284
2024,5,Bangalore,Guntur,20.868676799105412,1957.1880870609414,23.950004956208566,33617.30953622915
2018,12,Kolkata,Byadgi,120.39913197149457,3475.1330529291345,34.10045839223337,29316.425931678357
2021,3,Mumbai,Kashmiri,101.27662003895749,3435.0590890959834,33.39269816056148,32864.56951992143
2014,4,Delhi,Byadgi,68.56212413619865,1629.860466493255,21.223894756080185,36923.32407648563
2010,10,Bangalore,Byadgi,26.56356277361303,3426.9136197073894,19.18116257561732,30006.81274241835
2019,6,Bangalore,Kashmiri,101.57325433195632,1455.5028842910106,31.969644198674793,33610.98136852772
2019,12,Bangalore,Kashmiri,70.12975667253426,1049.0333610960006,33.12038142088726,40359.24437890729
2010,8,Delhi,Kashmiri,141.7147281237185,3656.2247850186054,25.831938455969738,27800.532583213815
2024,1,Delhi,Teja,90.45870973566957,1010.4836769676253,27.588474222342008,36600.92912470353
2011,10,Chennai,Kashmiri,142.15469646815606,4986.091483652099,20.138285693845866,28658.100783862603
2025,8,Mumbai,Guntur,48.662880151529535,1325.5358051760318,31.016053759570493,37106.55609897765
2023,11,Chennai,Byadgi,114.34436834733343,3173.638382404059,27.642448568980463,32017.56453774102
2015,7,Mumbai,Teja,100.24237271033434,2351.185571356652,25.07027022595993,33608.3019760867
2025,1,Delhi,Kashmiri,116.12306987807054,1068.738900825502,16.202171121567915,35806.666431466256
2018,2,Delhi,Teja,47.90682231642978,625.2975840983603,33.31869925022308,39612.49502964873
2017,3,Chennai,Kashmiri,106.44928711091059,3302.29527031775,27.30902840768812,29477.6853467894
2022,1,Kolkata,Teja,84.74525109739297,4130.409037051068,18.853821893859358,29106.324268182878
2014,9,Chennai,Byadgi,116.56724673782111,4289.070476780348,27.127722339661055,26384.3443488116
2010,8,Mumbai,Byadgi,62.51580373973631,2672.210628846205,28.549267084799467,30750.370317580197
2025,2,Chennai,Guntur,135.70741331048282,3998.549602320735,25.51540673366451,30206.589951187678
2022,9,Bangalore,Guntur,30.95917089947555,3527.8121006984516,29.362034759120448,33916.58318739174
2016,7,Mumbai,Kashmiri,124.93461144285445,3759.1453737460993,26.629078958572485,31123.299045413994
2025,9,Mumbai,Byadgi,131.97155135596182,2716.6955234981633,33.955391640642965,33598.77673437488
2024,6,Kolkata,Teja,126.24280047768676,3350.3528310895717,16.073941571986136,29593.989275755604
2014,6,Delhi,Teja,86.65443125403088,4124.866611092257,17.12491416939121,27290.566951732693
2015,11,Mumbai,Teja,76.99004740399897,2290.478790006604,18.473432739086796,33677.16375808191
2022,4,Delhi,Guntur,149.51409724823398,4126.905053904127,28.803421412086642,25428.197816253803
2016,10,Chennai,Teja,49.792353657841076,3164.075792550783,27.91191745499617,29721.929813896404
2012,10,Bangalore,Guntur,91.0938755638858,1246.554609668538,32.84117720419388,34448.739192610876
2021,2,Kolkata,Guntur,107.18781829970233,611.0787075106308,29.65754905767797,35775.3772458646
2019,7,Delhi,Kashmiri,111.11279266198616,2132.3912017961843,25.167109751291846,31392.92917177901
2025,5,Mumbai,Teja,46.52320654601523,2960.1334773335293,34.83663584927261,32710.482544129212
2012,11,Delhi,Teja,105.01923200417416,4279.191584915698,20.322159123385983,26135.58358569399
2014,6,Mumbai,Byadgi,126.38804364257385,1073.6855606311078,31.663833195709078,34425.07099331765
2015,2,Delhi,Kashmiri,26.50241498674459,4100.9285645761065,23.535807443878387,36711.560687943034
2018,5,Mumbai,Byadgi,138.49776813229113,4383.540707302522,27.974702777514686,29365.2779548827
2022,10,Chennai,Kashmiri,23.835527168876773,1178.0936915037519,29.545369409048682,40259.290034522586
2023,4,Mumbai,Teja,66.27623422349126,4332.174436868985,27.67508174380673,31872.657652949547
2021,9,Mumbai,Guntur,22.05571551028507,4961.541055292564,17.810146062171867,31208.845825382366
2014,6,Bangalore,Guntur,30.028871910145643,3770.7747397170688,23.859020214958655,29847.9805664845
2024,2,Mumbai,Guntur,138.4518770734103,4031.463568212446,26.228767558662486,26775.615630983193
2010,1,Bangalore,Guntur,66.13190799699922,4974.868704014931,31.980875183571936,27305.111817455876
2023,5,Kolkata,Guntur,75.22029895525688,3224.665627366754,23.872914975971447,32599.047296194294
2023,9,Bangalore,Byadgi,47.99476957973184,1885.4887190731224,33.374946096085026,38795.713490744674
2023,6,Chennai,Kashmiri,97.62245012427357,4268.88875334225,23.807484460504213,33027.91916759874
2013,10,Bangalore,Teja,97.32441790811265,3265.1859988023407,25.975597185260234,31232.64916935075
2014,12,Kolkata,Byadgi,68.3860509372785,3115.3794067443046,30.92571365885602,29515.625965292755
2021,7,Chennai,Kashmiri,63.29453333470179,1641.3599998131722,26.661353688442873,36177.90543396253
2025,5,Delhi,Guntur,135.0453600634764,3903.5042131229898,34.204361447656495,28120.435896406965
2019,10,Delhi,Kashmiri,69.82695115348618,867.5027413704331,28.20671661028255,38631.33470063722
2019,6,Bangalore,Kashmiri,84.15512898007307,4659.291818575975,25.45418908135202,28935.268813042734
2025,5,Bangalore,Guntur,56.82961911524098,1966.2055734671812,15.471839355615916,35859.14444522495
2014,11,Kolkata,Guntur,122.28003543642656,1074.985937554957,23.274657951606596,32971.90483729464
2016,9,Kolkata,Guntur,71.66826039688192,2490.6493989608844,20.98496838520321,33311.484216016375
2013,6,Mumbai,Teja,86.7694360507622,691.1145916543992,29.962113357749786,37805.763867783455
2010,11,Kolkata,Guntur,52.936432107755984,3580.8178741923484,19.165553503070917,28674.575213940505
2023,8,Mumbai,Teja,148.39574700436273,4562.174797004103,19.104401745881436,25321.28592444601
2023,2,Chennai,Guntur,57.89444632008397,4267.683532123289,18.790380864747537,32445.710555741043
2014,12,Bangalore,Teja,120.19652901772172,1073.1626305154648,17.51231226312472,37625.30617009405
2016,9,Chennai,Kashmiri,75.5744345463787,1068.2201169847933,21.22014007341775,35788.16515045101
2019,5,Kolkata,Byadgi,46.80826266093818,4160.455170459189,32.7184422888685,34209.416087682286
2019,7,Chennai,Kashmiri,123.96343931543196,4659.144235714021,30.4985694461191,30363.587253636248
2015,10,Chennai,Kashmiri,63.368882573775615,2573.014234250701,29.70502432613587,33414.76260068446
2014,1,Chennai,Guntur,132.47513516171546,2745.3700261119466,30.946736112999254,29269.086124026697
2013,10,Kolkata,Teja,138.983434039317,1932.1791862357666,20.388357786591435,31322.320985378767
2011,5,Chennai,Byadgi,131.77709860086588,4524.193032153863,32.74883381504976,26698.85543552279
2013,12,Mumbai,Guntur,24.551028924884733,3402.063073815602,17.746067502832087,36649.96774183559
2024,10,Kolkata,Guntur,122.35853485066373,1797.1320972531582,21.72691453431164,31240.358703941307
2019,2,Chennai,Guntur,73.4741306448887,1844.5229197441322,26.734962379346857,38213.37850047824
2019,12,Kolkata,Kashmiri,133.58397962368926,4510.400328786211,17.05810176684001,25198.48525579068
2012,6,Delhi,Teja,102.93405414901603,561.3531075761966,29.6026037555285,33701.74123816168
2019,11,Mumbai,Teja,128.3736074387146,1952.2695772698728,22.7449209640695,33224.33489664188
2025,1,Chennai,Byadgi,84.9261300826886,2994.605065473661,30.688113312168,34725.60422265666
2010,3,Delhi,Teja,89.55331559786127,1166.9785794469608,24.857925711692054,36045.68802323884
2017,5,Delhi,Teja,38.77039217737674,914.4443938981541,18.61749048850673,39602.760399267405
2014,4,Kolkata,Guntur,121.91835662961621,4168.74348990752,29.69523622710689,31975.189664754773
2022,3,Delhi,Guntur,74.52064951670631,4524.819748918282,20.04287911677887,32213.63358939872
2013,10,Mumbai,Kashmiri,85.01041537530574,4206.228893591853,24.816206025360856,29898.872279616004
2025,5,Mumbai,Guntur,122.06270283244199,4544.545503818064,16.510665383138154,26445.480084377894
2017,11,Bangalore,Guntur,97.84990201032707,2989.003869762672,27.357333088240736,33819.614892921076
2025,8,Mumbai,Guntur,46.14283456754677,4155.161544456539,28.317155324325544,33541.10300956135
2016,11,Delhi,Guntur,96.73024568961605,2228.191872759952,22.57348419945567,34044.25733531945
2011,4,Mumbai,Kashmiri,72.99227153735525,3498.2053766556733,34.088455606421476,31199.948297833915
2010,1,Kolkata,Guntur,81.03832046570214,4949.75989125124,32.48337842964136,28395.784921678747
2021,11,Bangalore,Byadgi,23.680465672346813,1515.7747572760734,29.158818314799895,37989.388072594404
2025,7,Delhi,Byadgi,47.30381543711661,2254.5488583098627,29.273041489874853,35004.97394436185
2025,8,Bangalore,Byadgi,56.53495057953367,2660.2131978953853,20.048034298843024,33150.529802040575
2020,3,Delhi,Byadgi,112.68480102164474,1121.0696915902327,28.13630462176898,35154.0178376339
2013,6,Kolkata,Guntur,21.494021528754992,864.6737470927555,18.964125304710393,38403.32083783805
2017,2,Bangalore,Byadgi,73.14104395978717,4233.75289844731,17.88006447839644,30730.200346944956
2021,7,Chennai,Guntur,140.12349315534527,4895.5746777241375,34.9893578840516,21502.929522346367
2011,8,Delhi,Kashmiri,34.5444801513861,2321.262787233464,27.44751862946348,34930.50208076214
2012,6,Chennai,Byadgi,87.13517046841943,894.4242628759398,23.619757453143812,38551.05135221524
2021,6,Bangalore,Teja,122.24790971081012,796.1529231075942,20.763290457679027,32994.44021731532
2010,5,Chennai,Byadgi,142.52906997761517,4510.931928621344,27.07840887324455,27535.886565962843
2010,8,Chennai,Byadgi,117.08096313938334,2587.16412377456,15.991870164401723,29837.056095415563
2022,1,Bangalore,Guntur,113.6735213237728,1940.1229245307636,16.893619810095903,34487.649398336274
2012,10,Kolkata,Byadgi,127.44345172544911,2644.075720577298,15.657133954807927,30245.458078175867
2020,4,Chennai,Teja,78.00615872708067,1932.368426115563,24.983396665253235,34061.662002684265
2014,4,Chennai,Guntur,124.7597892403183,2700.66098888429,27.01213258374365,30969.391517309537
2021,3,Kolkata,Guntur,21.035372616908646,4368.0037861307155,16.249595227156416,30025.369862649746
2012,3,Chennai,Kashmiri,140.19293719898462,3165.3561697794307,29.42448934997833,31103.822438004827
2010,4,Chennai,Kashmiri,77.62984623723278,3625.9419776457894,19.60790143029129,33973.490615878254
2010,11,Chennai,Byadgi,91.93942442254719,2141.0180430545147,28.704029075397322,32900.929698773696
2017,1,Mumbai,Kashmiri,53.1346923589347,3823.2764532973342,34.63794280070491,33245.12081726169
2019,11,Kolkata,Kashmiri,116.52900826925479,3499.7768819571756,28.822117401077023,31231.817183047024
2020,11,Chennai,Kashmiri,29.962654841782346,1038.0289898842539,32.66386105847217,38743.29417347912
2021,2,Kolkata,Guntur,133.4426543310886,3076.892839020131,33.96397013486135,27457.58729996958
2022,9,Delhi,Guntur,127.65518777082455,1655.3457333939111,24.73502096704631,35994.71340857464
2022,10,Delhi,Guntur,48.08781511181963,4118.430513351168,29.046499588394138,31073.704807849084
2021,2,Chennai,Kashmiri,125.21217177708411,2416.719688101228,32.03938507111684,30187.68249651572
2024,5,Kolkata,Guntur,122.22650529799259,4976.078743384192,22.132178257487723,29714.10111099984
2023,9,Kolkata,Kashmiri,102.18815770801336,916.2519707253371,20.227946331207896,36778.20570826106
2011,9,Kolkata,Guntur,68.55762299695938,4011.5653823307134,33.931971455566774,31563.84823760663
2022,8,Mumbai,Guntur,55.29483804364282,3531.657800939704,29.52607000737636,30730.42116913335
2012,1,Delhi,Teja,50.1318667376155,3953.7447376581745,19.393642667516527,33691.52530422932
2011,1,Kolkata,Byadgi,61.419165159268935,1883.8840797070536,23.981667853522268,41454.310793661934
2012,9,Kolkata,Kashmiri,137.46259764622894,2714.2452022208026,30.929035390756187,31959.395041004027
2016,11,Mumbai,Teja,30.093300878541566,4084.2883387566876,25.94125981836884,33818.93527114468
2010,8,Mumbai,Guntur,127.75326591288463,1546.4359922938474,27.99904196331778,34461.65031274027
2019,10,Kolkata,Kashmiri,65.35570975543706,1517.1493855489343,30.075364040901047,35541.6850747932
2017,9,Bangalore,Guntur,87.80792148147657,2979.7292898271958,27.440183776179612,31474.843887085484
2022,7,Kolkata,Byadgi,123.28313237430379,2856.036107884351,25.801586438443916,29922.880197043673
2019,3,Kolkata,Teja,134.96895111298628,1770.1811168581978,29.99228568775547,31061.290299860535
2019,3,Mumbai,Byadgi,64.8215846094441,1841.3404273617025,29.551260708644016,34871.350183252354
2019,2,Mumbai,Teja,80.03965256576434,1750.3032344295448,27.59744800366358,34283.19651835486
2023,5,Kolkata,Guntur,73.887088426183,3971.8042789931947,22.19578826763859,30372.668003036197
2011,12,Kolkata,Byadgi,21.722634355508372,3433.553895031073,23.11624184400543,34001.404429002236
2012,12,Kolkata,Byadgi,58.47257555162536,4245.877325346137,34.40877097768195,31570.64028574586
2018,3,Mumbai,Guntur,79.69460038523303,4889.628627413098,17.247718645830517,28893.59876232784
2016,6,Kolkata,Byadgi,73.44216915445716,2633.739333223939,20.370098345056707,33895.13778285267
2013,2,Kolkata,Kashmiri,113.85079957703833,800.1224663245198,24.848035184086715,38251.81021518801
2019,12,Chennai,Teja,70.02447023874342,716.4153968541594,31.734593722875715,37719.41417178753
2014,3,Bangalore,Teja,83.61893836618714,1830.4926767222862,18.273513274594556,39079.84971384763
2011,5,Delhi,Teja,75.84911697720725,4696.450652086029,20.539092362492198,30020.021926612804
2022,12,Bangalore,Kashmiri,116.28139935626817,2854.458747368937,16.31596435590478,30082.493355683044
2020,11,Chennai,Teja,132.18641186830513,1723.0393223605813,29.11970532101637,35143.767239957575
2022,11,Delhi,Guntur,89.14558027097684,2296.250575299588,19.76418870951232,33291.16530043558
2017,1,Kolkata,Byadgi,122.62618524537486,3193.6779833210185,22.77349501341901,25193.96646762096
2013,1,Chennai,Kashmiri,58.582268662580574,3438.27346162029,23.874028940593355,32686.33335996002
2018,10,Kolkata,Teja,90.37804932044493,1192.6377940230727,32.82627871212911,35097.4702700437
2014,9,Mumbai,Guntur,64.87989397709642,4896.6425444532915,23.226605806624736,32675.814984815264
2022,7,Chennai,Byadgi,73.84612032433793,2951.4750214225496,17.904500398304982,31109.610570937268
2018,1,Mumbai,Byadgi,115.21380242564692,1110.597430065257,25.48629876680242,33852.80538243059
2013,12,Chennai,Kashmiri,134.61612270325264,4521.358640057601,34.25915989297259,29261.75533684308
2019,8,Chennai,Kashmiri,35.794400841409505,835.8729398574296,27.15371282101622,39827.35114366303
2014,3,Mumbai,Kashmiri,102.50310334335947,4584.8094492988075,34.66774440921145,27862.312284288142
2018,8,Delhi,Guntur,95.67869498511381,4984.545453300421,31.822146178777402,26234.003011197397
2017,5,Bangalore,Guntur,35.393955092871145,3651.9430962042675,15.719315124268256,34129.907506697964
2025,1,Kolkata,Kashmiri,47.54626295721418,3967.012494832954,28.167991907540838,32130.059576036845
2012,7,Chennai,Teja,60.430324315248434,2017.8627641036887,20.735337551157674,33907.09972561581
2010,5,Kolkata,Byadgi,41.70103920627519,4737.0958373027015,26.192337112894478,29509.063282425108
2012,6,Mumbai,Byadgi,51.68483272816444,2883.7128474876545,20.58690381862453,32519.388439726303
2025,6,Kolkata,Guntur,54.788103852021976,3795.7480096889967,21.97740833210581,30183.987560493148
2013,8,Mumbai,Byadgi,63.63759829507775,4658.484721600757,33.46337423508359,31869.218161989265
2011,9,Kolkata,Teja,117.42075886415067,4888.309891889788,19.132863697834104,28451.128990253765
2010,2,Bangalore,Byadgi,94.3485865005781,4249.419604685035,32.48218236051661,31155.080378372615
2016,9,Bangalore,Guntur,148.2120673536822,1863.578781419135,15.609156161409937,31371.238167014668
2025,12,Bangalore,Guntur,73.91565750577124,4849.463824484371,16.817530767392967,28620.031900142385
2017,11,Bangalore,Teja,118.00245959880026,3326.537890596073,32.093500827685276,29498.037019085168
2016,10,Bangalore,Teja,133.2908947789494,4687.891143583819,27.611120618183907,28501.87611969711
2023,9,Bangalore,Byadgi,108.26720409494546,3542.472616164583,29.944722760791006,26361.398918931904
2025,10,Mumbai,Byadgi,73.54241625427449,1882.5753283147421,19.188353416437085,34028.75632394195
2014,10,Chennai,Guntur,117.96730199694788,2165.1103586426716,25.741669111802068,30496.72292785843
2021,7,Kolkata,Teja,46.47672791044903,2977.1229969632323,29.744384471426095,36941.6927037279
2010,1,Bangalore,Teja,62.581781473417216,4055.066787019469,27.54628274020525,30305.862305395967
2016,7,Mumbai,Teja,91.06908316290755,1930.9214810315073,24.43397533782419,30812.72520891206
2022,10,Mumbai,Byadgi,94.80322034719929,3108.7902476038644,34.195675728754296,31989.105771925886
2016,5,Mumbai,Teja,22.87839181144183,2055.312471093807,28.523146669068907,36505.227077452466
2018,6,Chennai,Guntur,142.86484453828115,4170.962320857982,33.15501600482476,25900.97551600005
2012,10,Kolkata,Guntur,110.5615452582607,2600.276421955777,29.595410231473625,30451.305979723755
2018,7,Chennai,Byadgi,84.44148753014584,845.2527208379836,29.709270571953663,35188.450623495126
2023,5,Delhi,Kashmiri,141.30654047308008,1247.2363466669137,16.600365395153588,34357.32091272545
2010,7,Mumbai,Byadgi,77.08242348260771,774.9710042883453,22.18929243707887,37543.51155040861
2010,9,Delhi,Kashmiri,147.45662413514833,2746.8632570644636,32.167388134393164,29237.510767852596
2023,3,Bangalore,Teja,86.59701844165306,978.5178380670222,19.652077242975118,34016.63564809063
2013,8,Bangalore,Byadgi,34.85715009973733,1013.6298618933445,17.310117323129322,38392.0961244506
2025,2,Chennai,Guntur,119.42412641970604,4734.717170172697,21.52212113277587,27580.61505386936
2018,11,Kolkata,Teja,108.25670426011926,4426.947824792249,19.40875769785228,28830.57803392852
2015,7,Delhi,Guntur,120.48827376972628,2534.389685651147,33.505763895863105,31728.57570619493
2022,2,Kolkata,Teja,143.68746373433854,4936.123943825926,32.359332840042626,23598.193591976167
2020,4,Chennai,Byadgi,120.94360934463235,500.839376767984,24.993664605658083,30644.78759404838
2012,7,Bangalore,Kashmiri,99.47375828816409,3262.9075532302722,16.22687748967736,34599.73449923511
2010,3,Kolkata,Teja,131.45015730690932,3273.926798173415,29.291246921863127,26760.36479009064
2013,2,Kolkata,Kashmiri,107.5220371160891,2558.4937514144967,27.46823462672529,28076.994724032673
2021,11,Bangalore,Teja,73.05547738737,2286.265878204318,34.41109341456992,34535.72560023105
2022,10,Delhi,Guntur,135.13056935143052,2549.224109662734,26.17906480540754,27227.986306641564
2018,7,Bangalore,Guntur,48.84705990196847,2367.321962358562,21.72787446805819,33713.405583034684
2012,1,Kolkata,Teja,112.90336573813414,3787.216148670347,25.380433871571114,30378.100267370253
2021,8,Delhi,Kashmiri,134.6032491422984,1109.0994573797784,34.58526582809033,37097.01316507361
2018,3,Delhi,Byadgi,115.07114756142852,1389.3764926600857,28.92724865066061,34742.71325315316
2016,12,Bangalore,Byadgi,110.6458044770014,1312.3320277659063,28.439522758541024,33464.727178864356
2021,12,Kolkata,Guntur,117.84297822933868,1681.1176330456904,19.813631794517708,33142.776713628
2023,2,Chennai,Byadgi,80.45718227908377,2863.662884517125,29.87205035121235,29132.643202661755
2024,3,Kolkata,Guntur,133.64218868041337,1000.4393630219843,30.005436589435433,32915.50762160506
2025,5,Mumbai,Byadgi,46.446741767691854,4406.761828969269,21.345779675518106,30464.57604582298
2013,11,Chennai,Teja,36.56023408004411,1838.1268908881254,24.674276647814263,37302.3918384959
2012,8,Delhi,Guntur,57.1161414154065,1231.4209436091853,20.89206665880912,41065.730267398845
2019,10,Chennai,Guntur,89.10506158074911,3540.295893192095,20.174101406485732,27090.564557113878
2024,7,Delhi,Teja,86.37303340321395,671.3883526969367,15.517921404989703,36023.21640129646
2025,7,Delhi,Guntur,126.67783849795626,3289.8585419337387,20.70423489306664,25919.371903251016
2014,12,Chennai,Byadgi,72.59392533252226,3641.892938044249,26.079398997565498,30579.789670784372
2014,7,Delhi,Byadgi,82.96477541789612,1467.1243912402363,15.032023750980576,33688.308164388734
2012,8,Delhi,Guntur,21.737798823721434,688.8383304963543,20.66438167619335,37046.740782818415
2021,1,Mumbai,Byadgi,73.26610073758208,2136.404115137523,32.628206646465,36390.07079390541
2018,4,Kolkata,Kashmiri,104.21065028354447,943.6740360887142,26.87297170214722,35913.41482134621
2013,6,Kolkata,Guntur,22.016082981456982,1024.150323530017,27.15725648161961,40942.6064631752
2020,9,Mumbai,Teja,56.514655474211686,1644.1755415018906,23.067286100527063,35322.60849395065
2014,2,Chennai,Kashmiri,47.03432670762069,1829.605660820417,28.52944286984822,36347.639391417964
2013,1,Bangalore,Guntur,25.458105758246468,2884.8665345963927,18.798655324607182,38646.64292532752
2014,10,Bangalore,Teja,82.30381168888988,3552.763484763559,31.37493620768383,31273.842055810164
2016,12,Bangalore,Byadgi,43.624028119660345,3167.4692339158314,17.333782398717997,35599.7732245042
2025,2,Mumbai,Teja,116.60060015207942,1167.6215178028256,28.120027093062184,33099.81435135692
2018,7,Mumbai,Kashmiri,130.2306248892353,1274.387146036819,21.822986516393662,34871.72915019312
2016,3,Delhi,Byadgi,90.92607374698922,4454.461624068115,29.950259411649537,27946.934344903708
2022,10,Bangalore,Guntur,147.62195452774841,3012.585417788511,25.995291025320398,25300.886685916215
2014,2,Chennai,Byadgi,78.56221429117738,4414.720248039601,24.047060769574323,29727.283013519846
2019,11,Chennai,Guntur,86.73786732923902,2171.959300939435,18.38844804186494,32878.58174645125
2019,7,Bangalore,Guntur,148.59830801450752,3264.800033440957,27.736429285687056,25290.921813598186
2016,2,Bangalore,Teja,50.10129667545635,2856.4853722457483,34.495396868408264,34664.95012508203
2023,3,Bangalore,Teja,142.53097215799767,1936.0557041920815,31.5120684981403,29714.28701380931
2024,11,Mumbai,Teja,25.568882165484723,2614.619174151179,16.200163851780236,42177.60010034877
2019,7,Mumbai,Kashmiri,78.03029573421531,2761.208945721194,22.524587567223822,30147.18285501951
2014,4,Mumbai,Kashmiri,29.10045657729855,1403.4693864050537,33.51166018380543,35812.188513424684
2012,1,Kolkata,Teja,114.80051657877358,1917.5466756952922,25.060874951140427,34663.983032966324
2016,5,Chennai,Kashmiri,99.09316166440232,4061.34387728139,28.242236516163583,29156.61040093693
2022,12,Chennai,Byadgi,111.86245425078754,4621.047077543572,33.251986911827814,29363.187750897916
2020,9,Delhi,Byadgi,68.6824519958422,2119.0734209538477,32.475893808397615,35588.512666095994
2020,8,Mumbai,Kashmiri,68.03265142407943,1881.3752699405818,25.03640751081022,34171.0026330525
2011,12,Kolkata,Kashmiri,25.8915062649163,1378.3872405734714,23.75292605315204,35690.46541944798
2024,9,Kolkata,Byadgi,65.49284213885318,3553.2102589276155,21.79385236959174,34261.10353665818
2021,10,Chennai,Guntur,140.80749229406774,1953.9486574985178,29.38038886325782,28974.82769912098
2018,9,Mumbai,Byadgi,69.29944983345837,4944.872925946348,20.739735989430866,30263.09357876271
2019,7,Delhi,Byadgi,128.0778018088561,1965.5816092877894,19.997752128618004,34002.94420549532
2019,4,Mumbai,Kashmiri,129.50231561749143,2273.6122105218265,22.1249978920756,31223.824190021853
2021,5,Bangalore,Byadgi,68.52135032930039,3215.0038829541563,18.54430113757584,32035.629646251058
2010,1,Mumbai,Kashmiri,102.15852845150458,4107.579319360872,28.902396318915347,27209.462729380986
2022,1,Bangalore,Kashmiri,32.39830829549762,2612.8339940553515,27.324812986612244,36579.90203052302
2015,3,Bangalore,Teja,33.47821549545594,2401.952152050312,24.657570682316873,29930.327258963356
2016,8,Delhi,Byadgi,26.325496276022733,4980.370251176637,22.806515585231093,32654.437361959208
2023,2,Chennai,Guntur,95.53196213876423,547.2213851297499,33.18125085793463,36867.91180475372
2022,4,Mumbai,Teja,75.38922709139261,4527.793799830606,15.582475699782105,29229.319646329794
2017,2,Bangalore,Kashmiri,91.24420636635121,1171.1337167288184,30.382154870145982,36080.126797552504
2019,5,Mumbai,Kashmiri,87.73951476609042,4036.6637429401103,33.038191434977776,27292.583991951
2018,9,Chennai,Guntur,65.52638884179493,3280.692019308341,23.92709158859852,27836.311143141807
2011,1,Chennai,Kashmiri,108.07154392705148,2038.3127847414144,26.013809829412935,33956.947374072515
2020,5,Kolkata,Byadgi,118.60524451913079,4432.437299844582,33.88927375764076,30337.955518723673
2019,9,Chennai,Teja,21.90167365409784,558.0825259144639,19.24555030571029,36809.947321592714
2011,1,Delhi,Kashmiri,46.94149896995418,1520.1079343371566,25.4026969556937,35007.749028835155
2014,9,Bangalore,Kashmiri,112.72066285083379,3051.017583122912,24.49442254256426,32266.581477267362
2022,8,Kolkata,Guntur,70.26062244239844,2081.940170223641,20.1678529574074,35540.868057326494
2014,4,Delhi,Byadgi,106.12291310240906,3246.6987289324743,31.371864607462157,36626.67379962801
2015,12,Mumbai,Kashmiri,65.1051457654926,608.4958703390007,32.99201189526472,40179.065908699165
2012,11,Bangalore,Guntur,70.79816980285281,1024.0651871677064,30.638651595764177,38582.810079308045
2017,10,Chennai,Kashmiri,40.62825357965904,1071.9330809829767,18.907179216972168,36797.14375906133
2025,5,Bangalore,Guntur,53.5700325566008,1351.7764066220425,16.73497271002763,38167.55715170724
2022,5,Mumbai,Guntur,98.70352847598635,2566.9914836024427,27.108889706106847,35421.66793394653
2010,11,Kolkata,Byadgi,76.31120447097163,3884.5791479460704,16.141895210197678,30586.49995041347
2015,12,Kolkata,Kashmiri,120.65934878279737,4574.924770680055,28.456517771161685,27082.753872025758
2013,6,Kolkata,Byadgi,130.83604414198456,4259.176386279107,25.608484406544854,27722.552073556424
2010,7,Chennai,Guntur,90.41403436817878,1385.9954229905761,28.255714654873273,33878.31007266544
2024,8,Delhi,Teja,118.57474796728769,2485.1774850378456,26.803415472994878,32138.83465980655
2016,8,Delhi,Kashmiri,59.8975867152941,1397.3521899134075,23.454051390543455,37198.36056095984
2018,11,Bangalore,Teja,73.94625800201017,1690.1231750023585,19.017543602804565,38382.41357625609
2022,2,Chennai,Kashmiri,112.66109790818803,2765.9614168034877,21.11404271620977,30956.237385962217
2013,9,Kolkata,Byadgi,70.20755906621399,806.4906112558515,25.49001148437953,38726.09791630461
2013,7,Kolkata,Byadgi,96.50564157066854,1481.7844831697294,28.03736187295212,34392.018391143014
2015,4,Mumbai,Byadgi,44.0984612807265,4709.201725882028,30.589660337690567,32156.19236776411
2021,4,Mumbai,Byadgi,97.97027094616473,2597.5233169632,30.343414368981215,31906.32290718157
2024,11,Kolkata,Byadgi,131.99678193949615,2504.239366900425,34.4537748652217,32038.628143114754
2012,8,Kolkata,Teja,132.92315317704532,565.552196380755,20.71682897326819,36179.20960656312
2022,4,Chennai,Byadgi,114.16477282284016,1613.298861762556,16.422214164268738,31431.85136921726
2021,6,Delhi,Guntur,116.94793927989639,4398.315961919816,21.913138710837185,30060.721953506752
2015,5,Mumbai,Guntur,92.5305678695911,1240.8279271640095,29.865889504481533,35058.86097829638
2016,3,Delhi,Teja,96.00685172155723,2368.0622279062445,23.762233020665903,32023.939568857346
2020,10,Chennai,Kashmiri,37.37457558336734,564.4890764015056,31.35576861178839,38082.27684468858
2019,11,Kolkata,Guntur,77.70169449476914,2652.5096675175014,25.9865273037203,33906.29649642302
2019,2,Delhi,Kashmiri,78.6009169052273,594.5949802679772,33.59583445261006,37371.520816395634
2012,9,Kolkata,Teja,144.60471863680624,4188.242988796099,33.957268839981374,27634.892461650863
2016,10,Kolkata,Kashmiri,76.04129214102763,4211.841953691966,16.386090120374973,31054.69305420164
2023,9,Bangalore,Kashmiri,91.4145438373585,4044.8398473606644,24.128268794248484,31056.7624041111
2012,1,Delhi,Kashmiri,89.32268190628332,1775.138310010032,27.193781224991362,40036.157516971885
2022,10,Delhi,Kashmiri,102.77902321576254,4267.567481998181,20.117450816244258,28905.29738987921
2022,3,Kolkata,Teja,117.27026807314647,2943.491596723712,23.141535587579604,29280.35662975011
2011,8,Chennai,Guntur,49.25544390221337,2182.1364899015107,28.553630822353966,31633.32816040984
2021,6,Bangalore,Byadgi,88.73417448279665,3313.9848186690483,19.53468453796723,29044.688042140897
2023,5,Kolkata,Kashmiri,127.36930195108395,555.534707271683,27.03962705948905,37491.16278940825
2019,5,Mumbai,Guntur,80.20491279887649,1143.3239492033847,28.94895656328612,37642.955475195624
2013,6,Mumbai,Guntur,56.19948102856449,3840.3209217661824,16.809926221917337,29309.412012009423
2021,7,Bangalore,Teja,105.11217979631888,1598.7272392226885,24.950586320549057,38975.36141373712
2017,1,Chennai,Guntur,127.08976145388598,3191.041027979373,20.261600598483817,30416.958826669972
2022,9,Kolkata,Teja,28.20823808056087,2232.9617127036336,29.48772711996089,37544.29811032537
2024,3,Delhi,Kashmiri,120.98276284293952,4346.6260045966765,18.79111017073881,32246.060208531828
2018,4,Bangalore,Kashmiri,126.81423128503026,4785.868876984896,32.84475831076213,30066.46212343512
2016,10,Chennai,Byadgi,79.99798058651888,4476.041277665857,23.618826730366536,31110.29336700666
2010,1,Delhi,Byadgi,147.82973538640076,1717.789976121185,18.96006060615107,33331.3611600901
2012,11,Mumbai,Byadgi,122.27208429195018,1373.7329107073701,23.760435927006586,35484.500156329486
2022,10,Mumbai,Guntur,120.57613343643655,2634.9570212933077,23.17487525617056,30719.345022167523
2021,3,Delhi,Kashmiri,117.21901467356933,533.0036787628112,23.578379189874205,36146.6277038843
2023,2,Bangalore,Teja,39.57905341837562,616.1422678843178,26.71122586994894,40437.40378146201
2018,2,Mumbai,Byadgi,48.2400152388914,2989.8078783035003,25.42347449827075,33854.818292691605
2024,1,Kolkata,Teja,80.31871709037526,2842.022318743787,17.995542633618054,30869.180488562553
2021,8,Delhi,Teja,54.320565494730566,4975.61895065867,16.311581452932728,29300.473021328795
2010,3,Delhi,Byadgi,73.98132640342526,1408.2882591369116,29.58830897453081,34008.49194574307
2018,3,Mumbai,Kashmiri,135.5003342899797,1661.467681222108,26.194348718566268,32530.793064801263
2017,6,Bangalore,Byadgi,127.162495944305,1010.9328904682901,22.180015361585276,30559.095117835142
2010,8,Kolkata,Teja,101.90518420239769,4628.943543441851,31.167156449961478,28828.93072401151
2015,9,Bangalore,Byadgi,131.55565125264346,4000.1506000630284,22.76116948521914,24659.36724610544
2014,9,Chennai,Teja,121.8904105722424,4200.526001555814,30.91930179201215,27197.481348290243
2015,4,Chennai,Teja,75.76804113931576,4562.437045840289,21.11512255024749,30594.92600031533
2019,5,Mumbai,Byadgi,46.13846976649287,2862.049940266272,16.456905950903995,36051.27005416787
2021,2,Mumbai,Guntur,86.8461352012141,2530.3693615282564,33.65279387599858,34441.67293464979
2022,11,Mumbai,Byadgi,115.70975472871152,1986.7616314952743,22.89102258562746,33380.45682952164
2025,9,Chennai,Guntur,76.73454783484709,3151.4657645653497,30.853851456987556,30121.79444863196
2022,8,Bangalore,Teja,106.68034827190664,2544.252785554201,20.58288266444609,34038.693725029785
2022,3,Bangalore,Teja,32.262565417835674,2532.045139725088,27.927302242473118,33629.978720647814
2024,11,Mumbai,Guntur,117.24061572828245,4716.175386790125,32.466217465154564,29394.77008091428
2014,12,Kolkata,Teja,125.65277058609806,4928.141814256086,15.832880446799606,27616.487357146336
2025,9,Bangalore,Guntur,111.88892125147035,4084.1797519831134,31.612715293721784,31454.99746293933
2015,3,Chennai,Guntur,145.74426637842754,3905.4114061111773,26.42666009943857,27451.70083688886
2014,9,Delhi,Teja,127.46476746988326,3562.5117280059567,27.149435078171386,27364.209956071885
2020,2,Delhi,Kashmiri,137.40218462394998,1247.3368355008117,25.46316001611965,30549.91204948238
2021,12,Delhi,Guntur,141.36424084949425,765.9761939404453,32.48950206567285,31536.676900498547
2014,10,Kolkata,Byadgi,124.17523894359512,3608.268418009684,15.868667144712749,25801.15171958685
2013,9,Mumbai,Byadgi,107.65364946084489,3779.538000154592,20.220567830716963,31442.2473605217
2012,8,Chennai,Teja,20.743415576902606,711.3784599416291,32.515250777183105,42174.90620733641
2012,9,Kolkata,Kashmiri,80.55734791900622,4676.232876029817,30.04691405063912,30227.06670250375
2013,5,Chennai,Teja,94.25109882090693,910.1328775010489,15.352903203572117,35901.097479806
2018,11,Chennai,Kashmiri,59.52393541823995,1786.5524019704108,25.340125664194172,40072.617298072204
2011,11,Mumbai,Guntur,61.35357809745137,3525.75415759417,25.591453614253496,32184.515814011073
2024,2,Delhi,Guntur,144.95072404232147,1264.4266748201435,23.017642702558206,33165.44406453143
2018,8,Mumbai,Guntur,135.92241247635695,749.3714979900999,20.947866641239795,34109.43335354371
2010,12,Kolkata,Guntur,130.39327071522155,1990.159201238674,28.634497008246843,31323.401928834683
2023,6,Kolkata,Byadgi,72.78153422179437,3946.872086848306,19.15580929409508,32229.12809487587
2024,8,Kolkata,Byadgi,21.78081155315889,2361.5540554336712,30.97897124143412,35420.85793306567
2024,11,Mumbai,Teja,30.42889203924283,3438.378148585727,31.060743215349436,32700.64344783713
2010,5,Chennai,Kashmiri,60.58552786828847,3108.285937526615,23.30522875145641,34617.09050235105
2014,10,Chennai,Guntur,22.046578689438007,599.9831691151119,20.670960218192953,39202.48799417319
2015,2,Bangalore,Guntur,22.229471648975753,4948.42994170568,20.677563631814266,31758.630590290213
2015,6,Kolkata,Kashmiri,139.15842921351344,686.4263996872448,24.645826479924203,33486.56950042278
2012,5,Chennai,Kashmiri,111.80060527547703,4855.112319418183,29.391584494987175,27176.64250093649
2025,12,Bangalore,Teja,60.16427870885985,2974.3888026397917,22.177373819877175,32196.430222344174
2016,12,Chennai,Kashmiri,37.24379508812391,4834.2156217927995,27.20086690915503,29688.20149651002
2018,5,Kolkata,Guntur,86.51264332636002,1016.3911973622595,22.649689211651886,34502.12119533691
2020,1,Delhi,Guntur,20.69500091106738,2706.8383363348094,21.090463783027666,37738.23350149991
2021,2,Kolkata,Guntur,141.99378670155872,1262.7684133972639,15.497190318315884,33218.543506630194
2019,8,Mumbai,Guntur,73.92596552056314,729.3869466009909,15.078282114707813,39182.02947835719
2025,3,Chennai,Guntur,72.30354418085327,3278.881017780402,19.54415355664009,34377.833884484455
2025,10,Chennai,Teja,70.77716898563168,1435.0253943276116,23.12812573601991,35171.262107791845
2017,3,Mumbai,Guntur,29.01268295040942,3144.636582293957,32.02522334724121,36523.26265666874
2015,8,Mumbai,Teja,102.98189117293745,1005.6401687704354,30.96968485860851,35311.38365994539
2021,8,Delhi,Guntur,115.29047055168594,1993.9391214471625,20.343305251759798,32430.251218562873
2017,2,Chennai,Byadgi,107.89630168647774,4017.346511239612,19.890808859685986,31575.22608651844
2021,8,Chennai,Byadgi,37.996614132821264,2466.7318482898445,19.546441421400548,36774.24252241011
2014,11,Delhi,Byadgi,95.24922184462703,3324.8543670380136,21.78474681057734,30382.981663565166
2017,1,Bangalore,Byadgi,94.032982942393,3413.560733354957,24.963974391233705,31948.816017223733
2019,6,Delhi,Teja,132.89340243237967,4296.897697942821,23.77335544063151,24730.109178156195
2021,8,Kolkata,Teja,69.2865955888341,1962.152574829886,19.365463975629876,35605.99103317776
2013,3,Chennai,Kashmiri,68.29317267572645,3592.830031621329,17.60902819887236,28900.49820125465
2019,8,Mumbai,Guntur,100.40851763336413,4827.271131707746,15.251556249723908,25856.23260317994
2017,12,Kolkata,Byadgi,102.29944495493669,3786.0950046104062,18.079264773330078,30982.11713957059
2019,1,Chennai,Teja,81.00707955235275,2704.4171452298506,29.107127403882366,27700.31973706904
2021,11,Delhi,Guntur,77.59771710295473,3338.2285002136814,19.87277138691166,35548.680862574416
2011,11,Kolkata,Guntur,84.23919718292474,3828.573039933987,24.372036202430195,32299.87950239499
2021,9,Chennai,Teja,131.93588893543054,3255.240945622426,26.826022978464895,25715.657417004142
2021,11,Bangalore,Byadgi,79.9516971630083,575.0411607042762,32.736818056632146,42149.33003382749
2014,9,Bangalore,Kashmiri,142.1911329560769,1376.4807395925163,32.77710196786839,37985.68965798316
2018,5,Mumbai,Guntur,85.52048926752238,4147.106977469597,29.91467467362718,29568.77826370521
2013,10,Chennai,Kashmiri,143.39609011351587,1726.927912906181,15.703139840970028,30023.361539111356
2025,4,Bangalore,Byadgi,128.26814724297986,3792.0295380251027,26.5014083817083,31875.140710206528
2020,11,Delhi,Byadgi,67.1160719400578,2174.540968587644,30.73166941663013,34107.534190941304
